stock_id,date,close,pe,pb,dividend_yield
1102,2026-04-30,35.05,12.39,0.69,6.56
1102,2026-05-04,34.9,12.33,0.69,6.59
1102,2026-05-05,34.95,12.35,0.69,6.58
1102,2026-05-06,35.2,12.44,0.69,6.53
1102,2026-05-07,34.95,12.35,0.69,6.58
1103,2026-05-05,13.3,15.83,0.48,4.14
1103,2026-05-06,13.45,16.01,0.49,4.09
1103,2026-05-07,13.45,16.01,0.49,4.09
1104,2026-05-05,28.25,11.04,0.8,6.55
1104,2026-05-06,28.3,11.05,0.8,6.54
1104,2026-05-07,28.3,11.05,0.8,6.54
1108,2026-05-05,14.6,6.7,1.03,6.85
1108,2026-05-06,14.6,6.7,1.03,6.85
1108,2026-05-07,14.6,6.7,1.03,6.85
1109,2026-05-05,15.4,14.95,0.63,5.84
1109,2026-05-06,15.4,14.95,0.63,5.84
1109,2026-05-07,15.4,14.95,0.63,5.84
1110,2026-05-05,15.05,41.81,0.91,1.99
1110,2026-05-06,15.1,41.94,0.91,1.99
1110,2026-05-07,15.1,41.94,0.91,1.99
1201,2026-05-05,12.35,30.88,0.82,1.7
1201,2026-05-06,12.3,30.75,0.81,1.71
1201,2026-05-07,12.35,30.88,0.82,1.7
1203,2026-05-05,42.7,23.59,1.59,2.34
1203,2026-05-06,43.7,24.14,1.63,2.29
1203,2026-05-07,43.35,23.95,1.62,2.31
1210,2026-05-05,52.4,12.1,1.65,5.73
1210,2026-05-06,52.0,12.01,1.64,5.77
1210,2026-05-07,52.3,12.08,1.65,5.74
1215,2026-05-05,141.0,13.57,3.34,4.96
1215,2026-05-06,139.5,13.43,3.31,5.02
1215,2026-05-07,138.0,13.28,3.27,5.07
1216,2026-04-30,69.3,20.09,2.9,4.33
1216,2026-05-04,69.6,20.17,2.91,4.31
1216,2026-05-05,69.1,20.03,2.89,4.34
1216,2026-05-06,68.7,19.91,2.87,4.37
1216,2026-05-07,69.4,18.76,2.72,4.32
1217,2026-05-05,9.73,23.17,0.62,2.57
1217,2026-05-06,9.69,23.07,0.61,2.58
1217,2026-05-07,9.67,23.02,0.61,2.59
1218,2026-05-05,18.8,11.82,0.71,7.02
1218,2026-05-06,18.85,11.86,0.71,7.0
1218,2026-05-07,19.05,11.98,0.71,6.93
1219,2026-05-05,13.45,29.89,1.0,3.72
1219,2026-05-06,13.4,29.78,1.0,3.73
1219,2026-05-07,13.4,29.78,1.0,3.73
1220,2026-05-05,12.35,154.38,0.93,1.62
1220,2026-05-06,12.35,154.38,0.93,1.62
1220,2026-05-07,12.3,153.75,0.93,1.63
1225,2026-05-05,31.95,19.72,1.98,3.13
1225,2026-05-06,33.15,20.46,2.06,3.02
1225,2026-05-07,32.85,20.28,2.04,3.04
1227,2026-05-05,28.8,21.65,1.41,4.65
1227,2026-05-06,28.75,21.62,1.41,4.66
1227,2026-05-07,28.85,21.69,1.41,4.64
1229,2026-05-05,41.6,16.19,1.3,4.81
1229,2026-05-06,41.35,16.09,1.29,4.84
1229,2026-05-07,41.7,16.23,1.3,4.8
1231,2026-05-05,87.3,22.91,3.59,2.86
1231,2026-05-06,86.8,22.78,3.57,2.88
1231,2026-05-07,86.7,22.76,3.57,2.88
1232,2026-05-05,148.0,17.11,3.77,4.86
1232,2026-05-06,148.5,17.17,3.79,4.85
1232,2026-05-07,148.0,17.11,3.77,4.86
1233,2026-05-05,28.9,38.53,1.93,0.69
1233,2026-05-06,29.0,38.67,1.94,0.69
1233,2026-05-07,28.8,38.4,1.93,0.69
1234,2026-05-05,35.05,17.53,0.75,4.71
1234,2026-05-06,35.05,17.53,0.75,4.71
1234,2026-05-07,35.25,17.63,0.75,4.68
1256,2026-05-05,165.0,15.43,1.49,4.0
1256,2026-05-06,164.0,15.34,1.49,4.02
1256,2026-05-07,168.0,15.72,1.52,3.93
1303,2026-04-30,89.6,157.19,2.0,0.89
1303,2026-05-04,88.4,155.09,1.97,0.9
1303,2026-05-05,94.0,164.91,2.1,0.85
1303,2026-05-06,93.8,164.56,2.09,0.85
1303,2026-05-07,90.3,158.42,2.01,0.89
1307,2026-05-05,31.35,11.0,1.24,7.02
1307,2026-05-06,31.25,10.96,1.23,7.04
1307,2026-05-07,31.5,11.05,1.24,6.98
1315,2026-05-05,62.2,40.13,0.59,7.23
1315,2026-05-06,62.4,40.26,0.59,7.21
1315,2026-05-07,61.5,39.68,0.58,7.32
1319,2026-05-05,76.4,11.88,1.61,6.54
1319,2026-05-06,75.4,11.73,1.59,6.63
1319,2026-05-07,80.0,12.44,1.69,6.25
1323,2026-05-05,19.8,76.15,0.7,4.55
1323,2026-05-06,19.7,75.77,0.7,4.57
1323,2026-05-07,19.25,74.04,0.69,4.68
1339,2026-05-05,40.35,16.74,0.74,6.2
1339,2026-05-06,40.55,16.83,0.75,6.17
1339,2026-05-07,40.55,16.83,0.75,6.17
1341,2026-05-05,60.8,16.39,2.49,6.58
1341,2026-05-06,61.8,16.66,2.53,6.47
1341,2026-05-07,61.8,16.66,2.53,6.47
1342,2026-05-05,93.1,15.65,3.47,6.44
1342,2026-05-06,93.8,15.76,3.5,6.4
1342,2026-05-07,95.6,16.07,3.56,6.28
1402,2026-05-05,25.7,17.6,0.6,4.86
1402,2026-05-06,26.1,17.88,0.61,4.79
1402,2026-05-07,26.0,17.81,0.61,4.81
1409,2026-05-05,17.1,14.25,0.66,5.26
1409,2026-05-06,16.9,14.08,0.66,5.33
1409,2026-05-07,16.8,14.0,0.65,5.36
1410,2026-05-05,28.9,48.98,1.7,0.69
1410,2026-05-06,28.95,49.07,1.7,0.69
1410,2026-05-07,28.0,47.46,1.64,0.71
1413,2026-05-05,9.55,21.22,1.11,
1413,2026-05-06,9.65,21.44,1.13,
1413,2026-05-07,9.64,22.95,1.14,
1414,2026-05-05,16.4,78.1,1.12,1.22
1414,2026-05-06,16.5,78.57,1.12,1.21
1414,2026-05-07,16.6,79.05,1.13,1.2
1416,2026-05-05,11.35,14.01,0.48,5.02
1416,2026-05-06,11.35,14.01,0.48,5.02
1416,2026-05-07,11.3,13.95,0.48,5.04
1417,2026-05-05,8.89,14.34,0.72,2.81
1417,2026-05-06,8.86,14.29,0.72,2.82
1417,2026-05-07,8.77,14.15,0.71,2.85
1419,2026-05-05,63.1,15.35,1.08,2.85
1419,2026-05-06,64.3,15.64,1.1,2.8
1419,2026-05-07,64.3,15.64,1.1,2.8
1423,2026-05-05,40.7,9.33,1.11,8.85
1423,2026-05-06,41.1,9.43,1.12,8.76
1423,2026-05-07,41.05,9.42,1.11,8.77
1432,2026-05-05,16.85,2.79,1.09,11.87
1432,2026-05-06,16.8,2.79,1.09,11.9
1432,2026-05-07,16.75,2.78,1.09,11.94
1434,2026-05-05,15.95,31.27,0.63,3.13
1434,2026-05-06,16.1,31.57,0.64,3.11
1434,2026-05-07,15.95,31.27,0.63,3.13
1436,2026-05-05,49.9,9.96,1.49,10.12
1436,2026-05-06,49.3,9.84,1.47,10.24
1436,2026-05-07,49.05,11.41,1.74,10.3
1437,2026-05-05,29.35,12.13,0.72,3.27
1437,2026-05-06,29.4,12.15,0.72,3.27
1437,2026-05-07,29.1,12.02,0.71,3.3
1438,2026-05-05,20.95,12.04,0.74,
1438,2026-05-06,20.45,11.75,0.72,
1438,2026-05-07,20.1,11.55,0.71,
1439,2026-05-05,,8.27,0.83,1.88
1439,2026-05-06,26.6,8.29,0.83,1.88
1439,2026-05-07,26.4,8.22,0.82,1.89
1442,2026-05-05,26.45,8.73,1.21,9.07
1442,2026-05-06,26.3,8.68,1.2,9.13
1442,2026-05-07,26.75,8.83,1.22,8.97
1443,2026-05-05,22.4,19.82,1.32,
1443,2026-05-06,23.8,21.06,1.4,
1443,2026-05-07,25.75,22.79,1.52,
1446,2026-05-05,15.55,9.6,0.77,9.65
1446,2026-05-06,15.6,9.63,0.77,9.62
1446,2026-05-07,15.75,9.72,0.78,9.52
1449,2026-05-05,13.3,120.91,0.75,
1449,2026-05-06,13.0,118.18,0.73,
1449,2026-05-07,13.1,119.09,0.73,
1451,2026-05-05,16.9,9.6,0.45,5.92
1451,2026-05-06,16.95,9.63,0.46,5.9
1451,2026-05-07,16.85,9.57,0.45,5.93
1453,2026-05-05,11.6,290.0,0.91,2.59
1453,2026-05-06,11.85,296.25,0.93,2.53
1453,2026-05-07,11.7,292.5,0.92,2.56
1456,2026-05-05,13.15,3.86,0.64,
1456,2026-05-06,12.95,3.8,0.63,
1456,2026-05-07,14.2,4.16,0.69,
1457,2026-05-05,14.45,12.25,0.63,6.92
1457,2026-05-06,14.6,12.37,0.63,6.85
1457,2026-05-07,14.55,12.33,0.63,6.87
1459,2026-05-05,11.95,14.75,1.08,1.67
1459,2026-05-06,12.1,7.81,1.09,1.65
1459,2026-05-07,11.9,7.68,1.07,1.68
1463,2026-05-05,18.4,141.54,1.21,0.71
1463,2026-05-06,18.4,141.54,1.21,0.71
1463,2026-05-07,18.6,143.08,1.23,0.7
1464,2026-05-05,9.91,28.31,0.81,2.52
1464,2026-05-06,9.91,28.31,0.81,2.52
1464,2026-05-07,10.05,28.71,0.82,2.49
1468,2026-05-05,12.1,57.62,1.37,
1468,2026-05-06,12.2,58.1,1.38,
1468,2026-05-07,12.5,59.52,1.42,
1470,2026-05-05,22.25,28.53,1.88,2.92
1470,2026-05-06,22.5,28.85,1.9,2.89
1470,2026-05-07,22.25,28.53,1.88,2.92
1471,2026-05-05,11.45,381.67,1.19,
1471,2026-05-06,11.2,373.33,1.16,
1471,2026-05-07,11.4,380.0,1.19,
1472,2026-05-05,90.0,14.06,2.06,6.67
1472,2026-05-06,90.5,14.14,2.07,6.63
1472,2026-05-07,91.3,14.27,2.09,6.57
1473,2026-05-05,20.8,36.49,0.8,2.4
1473,2026-05-06,20.7,36.32,0.8,2.42
1473,2026-05-07,20.7,36.32,0.8,2.42
1474,2026-05-05,9.99,29.38,0.6,2.5
1474,2026-05-06,9.97,29.32,0.6,2.51
1474,2026-05-07,9.97,29.32,0.6,2.51
1475,2026-05-05,27.45,10.09,1.17,5.46
1475,2026-05-06,27.45,10.09,1.17,5.46
1475,2026-05-07,27.4,10.07,1.16,5.47
1476,2026-05-05,336.5,16.74,3.12,4.46
1476,2026-05-06,333.0,16.57,3.08,4.5
1476,2026-05-07,335.0,16.67,3.1,4.48
1477,2026-05-05,211.0,15.23,4.0,7.11
1477,2026-05-06,212.5,15.34,4.03,7.06
1477,2026-05-07,220.5,15.92,4.18,6.8
1503,2026-05-05,198.0,31.58,2.84,2.53
1503,2026-05-06,196.5,31.34,2.82,2.54
1503,2026-05-07,199.5,31.82,2.86,2.51
1504,2026-05-05,68.5,30.58,1.75,2.92
1504,2026-05-06,67.3,30.04,1.72,2.97
1504,2026-05-07,74.0,33.04,1.89,2.7
1506,2026-05-05,10.5,175.0,1.13,
1506,2026-05-06,10.5,175.0,1.13,
1506,2026-05-07,10.5,175.0,1.13,
1512,2026-05-05,7.32,38.53,1.1,
1512,2026-05-06,7.35,38.68,1.1,
1512,2026-05-07,7.28,38.32,1.09,
1513,2026-05-05,154.0,19.08,3.68,3.9
1513,2026-05-06,155.5,19.27,3.72,3.86
1513,2026-05-07,156.5,19.39,3.74,3.83
1514,2026-05-05,120.0,36.36,5.13,1.83
1514,2026-05-06,118.5,35.91,5.07,1.86
1514,2026-05-07,119.5,36.21,5.11,1.84
1515,2026-05-05,22.0,22.68,1.01,2.73
1515,2026-05-06,21.95,22.63,1.01,2.73
1515,2026-05-07,22.0,22.45,1.03,2.73
1516,2026-05-05,21.8,436.0,4.22,
1516,2026-05-06,21.8,436.0,4.22,
1516,2026-05-07,21.85,437.0,4.23,
1519,2026-05-05,895.0,63.97,26.72,1.34
1519,2026-05-06,887.0,63.4,26.48,1.35
1519,2026-05-07,891.0,63.69,26.6,1.35
1521,2026-05-05,24.8,28.51,1.01,3.02
1521,2026-05-06,24.7,28.39,1.01,3.04
1521,2026-05-07,24.85,28.56,1.02,3.02
1522,2026-05-05,31.7,18.11,1.08,3.79
1522,2026-05-06,31.05,17.74,1.06,3.86
1522,2026-05-07,34.15,19.51,1.16,3.51
1524,2026-05-05,28.2,14.46,1.55,4.96
1524,2026-05-06,28.4,14.56,1.56,4.93
1524,2026-05-07,30.25,15.51,1.66,4.63
1525,2026-05-05,62.6,19.5,0.91,4.47
1525,2026-05-06,62.7,19.53,0.92,4.47
1525,2026-05-07,62.3,19.41,0.91,4.49
1527,2026-05-05,32.75,21.55,0.94,4.58
1527,2026-05-06,32.65,35.88,0.93,4.59
1527,2026-05-07,32.45,35.66,0.92,4.62
1529,2026-05-05,22.7,22.48,1.94,4.41
1529,2026-05-06,22.4,22.18,1.92,4.46
1529,2026-05-07,22.85,22.62,1.95,4.38
1532,2026-05-05,20.6,20.81,0.57,3.88
1532,2026-05-06,20.6,20.81,0.57,3.88
1532,2026-05-07,20.8,21.01,0.57,3.85
1533,2026-05-05,33.0,56.9,1.42,
1533,2026-05-06,33.7,58.1,1.45,
1533,2026-05-07,33.9,58.45,1.46,
1535,2026-05-05,50.5,12.63,1.63,5.94
1535,2026-05-06,51.1,12.78,1.65,5.87
1535,2026-05-07,50.4,12.96,1.57,5.95
1537,2026-05-05,122.0,15.35,2.28,5.9
1537,2026-05-06,123.0,15.47,2.3,5.85
1537,2026-05-07,123.0,15.47,2.3,5.85
1539,2026-05-05,15.95,75.95,0.65,5.33
1539,2026-05-06,15.8,395.0,0.64,5.38
1539,2026-05-07,15.8,395.0,0.64,5.38
1540,2026-05-05,21.6,19.46,1.25,4.63
1540,2026-05-06,21.1,19.01,1.22,4.74
1540,2026-05-07,21.15,19.05,1.22,4.73
1541,2026-05-05,23.4,10.09,0.87,2.14
1541,2026-05-06,23.25,10.02,0.87,2.15
1541,2026-05-07,23.25,10.02,0.87,2.15
1558,2026-05-05,91.2,16.11,1.14,5.48
1558,2026-05-06,91.7,16.2,1.15,5.45
1558,2026-05-07,91.3,16.13,1.14,5.48
1560,2026-05-05,572.0,61.9,10.34,0.87
1560,2026-05-06,576.0,62.34,10.42,0.87
1560,2026-05-07,577.0,62.45,10.43,0.87
1563,2026-05-05,41.25,28.65,1.05,4.85
1563,2026-05-06,42.05,95.57,1.11,4.76
1563,2026-05-07,43.55,98.98,1.15,4.59
1568,2026-05-05,29.55,21.73,1.6,3.38
1568,2026-05-06,29.05,21.36,1.58,3.44
1568,2026-05-07,29.45,21.65,1.6,3.4
1582,2026-05-05,93.5,27.1,1.86,3.21
1582,2026-05-06,90.6,32.95,1.74,3.31
1582,2026-05-07,88.7,32.25,1.7,3.38
1587,2026-05-05,32.8,88.65,1.67,1.52
1587,2026-05-06,33.0,89.19,1.68,1.52
1587,2026-05-07,32.55,87.97,1.66,1.54
1590,2026-05-05,1440.0,34.29,5.48,1.99
1590,2026-05-06,1435.0,34.17,5.46,1.99
1590,2026-05-07,1490.0,35.48,5.67,1.92
1597,2026-05-05,173.0,190.11,6.27,0.4
1597,2026-05-06,178.0,195.6,6.45,0.39
1597,2026-05-07,180.5,151.68,6.58,0.39
1603,2026-05-05,31.95,9.8,0.68,6.26
1603,2026-05-06,32.0,9.82,0.68,6.25
1603,2026-05-07,32.65,10.02,0.69,6.13
1604,2026-05-05,22.8,13.41,0.96,6.58
1604,2026-05-06,22.8,13.41,0.96,6.58
1604,2026-05-07,22.85,13.44,0.96,6.56
1605,2026-05-05,32.4,45.0,0.87,1.54
1605,2026-05-06,32.6,45.28,0.87,1.53
1605,2026-05-07,35.85,49.79,0.96,1.39
1608,2026-05-05,33.05,6.01,1.46,6.05
1608,2026-05-06,33.05,6.0,1.44,6.05
1608,2026-05-07,34.3,6.23,1.49,5.83
1609,2026-05-05,33.0,20.0,1.51,2.12
1609,2026-05-06,32.9,19.94,1.51,2.13
1609,2026-05-07,34.05,20.64,1.56,2.06
1611,2026-05-05,11.8,393.33,0.91,6.78
1611,2026-05-06,11.8,393.33,0.91,6.78
1611,2026-05-07,11.9,396.67,0.91,6.72
1612,2026-05-05,36.6,13.21,1.36,6.83
1612,2026-05-06,36.75,13.27,1.37,6.8
1612,2026-05-07,37.2,13.43,1.39,6.72
1614,2026-05-05,31.7,32.68,1.44,3.06
1614,2026-05-06,31.95,32.94,1.45,3.04
1614,2026-05-07,31.95,32.94,1.45,3.04
1615,2026-05-05,46.95,9.76,2.09,5.32
1615,2026-05-06,45.5,9.46,2.03,5.49
1615,2026-05-07,45.5,9.46,2.03,5.49
1616,2026-05-05,22.3,14.39,1.91,6.1
1616,2026-05-06,21.75,14.03,1.86,6.25
1616,2026-05-07,22.35,14.42,1.91,6.09
1617,2026-05-05,15.0,22.06,1.09,4.0
1617,2026-05-06,15.05,22.13,1.09,3.99
1617,2026-05-07,15.05,22.13,1.09,3.99
1618,2026-05-05,38.55,9.16,1.13,4.41
1618,2026-05-06,38.5,9.14,1.13,4.42
1618,2026-05-07,39.7,9.43,1.16,4.28
1623,2026-05-05,246.5,18.1,5.03,3.25
1623,2026-05-06,244.5,17.95,4.99,3.27
1623,2026-05-07,246.0,18.06,5.02,3.25
1702,2026-05-05,34.85,31.12,0.72,4.59
1702,2026-05-06,34.6,30.89,0.72,4.62
1702,2026-05-07,34.35,30.67,0.71,4.66
1707,2026-05-05,112.5,13.69,1.61,5.33
1707,2026-05-06,112.5,13.69,1.61,5.33
1707,2026-05-07,112.5,13.69,1.61,5.33
1708,2026-05-05,40.2,12.26,1.36,3.98
1708,2026-05-06,39.2,11.95,1.32,4.08
1708,2026-05-07,38.1,11.62,1.28,4.2
1709,2026-05-05,18.5,15.04,0.99,5.41
1709,2026-05-06,18.55,15.08,0.99,5.39
1709,2026-05-07,18.5,15.04,0.99,5.41
1712,2026-05-05,41.95,16.13,2.06,5.96
1712,2026-05-06,42.15,16.21,2.07,5.93
1712,2026-05-07,42.3,16.27,2.08,5.91
1713,2026-05-05,46.95,12.13,1.86,6.6
1713,2026-05-06,46.6,12.04,1.85,6.65
1713,2026-05-07,47.35,10.57,1.77,6.55
1714,2026-05-05,9.26,18.52,0.75,1.94
1714,2026-05-06,9.18,14.34,0.71,1.96
1714,2026-05-07,9.14,14.28,0.7,1.97
1717,2026-05-05,79.0,56.03,3.35,1.27
1717,2026-05-06,79.4,56.31,3.36,1.26
1717,2026-05-07,79.7,56.52,3.38,1.25
1718,2026-05-05,6.51,72.33,0.4,
1718,2026-05-06,6.42,71.33,0.39,
1718,2026-05-07,6.35,70.56,0.39,
1720,2026-05-05,61.0,11.75,1.78,4.92
1720,2026-05-06,61.3,11.81,1.79,4.89
1720,2026-05-07,61.2,11.79,1.79,4.9
1722,2026-05-05,47.0,49.47,0.85,4.26
1722,2026-05-06,46.85,49.32,0.85,4.27
1722,2026-05-07,46.8,49.26,0.85,4.27
1723,2026-05-05,78.0,31.45,2.25,2.37
1723,2026-05-06,78.8,31.77,2.27,2.35
1723,2026-05-07,78.7,31.73,2.27,2.35
1725,2026-05-05,30.75,20.1,0.84,3.48
1725,2026-05-06,30.75,20.1,0.84,3.48
1725,2026-05-07,31.7,20.72,0.87,3.38
1726,2026-05-05,76.0,13.82,1.18,4.87
1726,2026-05-06,76.2,13.85,1.18,4.86
1726,2026-05-07,76.0,13.82,1.18,4.87
1727,2026-05-05,80.0,2000.0,4.89,0.19
1727,2026-05-06,78.1,1952.5,4.77,0.19
1727,2026-05-07,78.2,1955.0,4.78,0.19
1730,2026-05-05,52.5,11.67,1.62,5.71
1730,2026-05-06,52.9,11.43,1.55,5.67
1730,2026-05-07,52.9,11.43,1.55,5.67
1731,2026-05-05,21.7,15.96,1.33,5.62
1731,2026-05-06,21.7,15.96,1.33,5.62
1731,2026-05-07,21.75,15.99,1.34,5.61
1732,2026-05-05,26.4,38.26,2.23,2.27
1732,2026-05-06,26.25,38.04,2.22,2.29
1732,2026-05-07,26.4,38.26,2.23,2.27
1733,2026-05-05,28.35,17.39,1.52,4.59
1733,2026-05-06,28.2,17.3,1.51,4.61
1733,2026-05-07,28.25,17.33,1.51,4.6
1734,2026-05-05,31.5,16.41,1.74,5.08
1734,2026-05-06,30.9,16.09,1.71,5.18
1734,2026-05-07,30.75,16.02,1.7,5.2
1735,2026-05-05,26.85,34.42,1.72,2.42
1735,2026-05-06,25.8,33.08,1.65,2.52
1735,2026-05-07,25.9,33.21,1.66,2.51
1736,2026-05-05,125.5,13.85,2.77,3.19
1736,2026-05-06,123.0,13.58,2.72,3.25
1736,2026-05-07,130.0,14.35,2.87,3.08
1737,2026-05-05,31.55,15.78,0.93,4.44
1737,2026-05-06,31.65,15.83,0.93,4.42
1737,2026-05-07,31.55,15.78,0.93,4.44
1752,2026-05-05,33.6,13.88,1.37,4.76
1752,2026-05-06,33.55,13.86,1.36,4.77
1752,2026-05-07,33.5,13.84,1.36,4.78
1760,2026-05-05,66.7,30.05,2.93,3.0
1760,2026-05-06,65.2,29.37,2.86,3.07
1760,2026-05-07,65.9,29.68,2.89,3.03
1773,2026-05-05,179.0,24.69,4.53,2.23
1773,2026-05-06,175.5,24.21,4.44,2.28
1773,2026-05-07,176.5,24.34,4.46,2.27
1776,2026-05-05,17.15,61.25,1.19,3.5
1776,2026-05-06,16.95,60.54,1.18,3.54
1776,2026-05-07,17.35,61.96,1.2,3.46
1783,2026-05-05,39.3,13.01,2.17,5.09
1783,2026-05-06,39.45,13.06,2.18,5.07
1783,2026-05-07,39.7,13.15,2.19,5.04
1786,2026-05-05,56.2,25.9,2.12,3.4
1786,2026-05-06,58.1,26.77,2.2,3.29
1786,2026-05-07,57.6,26.54,2.18,3.32
1789,2026-05-05,20.45,120.29,1.54,1.42
1789,2026-05-06,20.35,119.71,1.53,1.43
1789,2026-05-07,19.95,142.5,1.53,1.45
1795,2026-05-05,224.5,12.5,2.48,1.2
1795,2026-05-06,226.5,12.61,2.5,1.19
1795,2026-05-07,233.0,12.97,2.58,1.15
1805,2026-05-05,10.75,56.58,0.89,
1805,2026-05-06,10.75,56.58,0.89,
1805,2026-05-07,10.75,56.58,0.89,
1806,2026-05-05,8.25,28.45,0.61,1.82
1806,2026-05-06,8.22,28.34,0.6,1.82
1806,2026-05-07,8.22,28.34,0.6,1.82
1808,2026-05-05,28.3,19.38,1.97,5.3
1808,2026-05-06,28.3,19.38,1.97,5.3
1808,2026-05-07,28.4,19.45,1.97,5.28
1809,2026-05-05,31.05,163.42,1.77,0.81
1809,2026-05-06,34.15,179.74,1.95,0.73
1809,2026-05-07,34.5,181.58,1.97,0.72
1810,2026-05-05,18.6,372.0,0.82,1.08
1810,2026-05-06,18.65,373.0,0.82,1.07
1810,2026-05-07,18.55,371.0,0.82,1.08
1817,2026-05-05,38.5,10.66,1.24,5.71
1817,2026-05-06,38.6,10.69,1.25,5.7
1817,2026-05-07,38.6,10.69,1.25,5.7
1903,2026-05-05,49.45,38.33,2.33,
1903,2026-05-06,49.15,38.1,2.31,
1903,2026-05-07,49.5,38.37,2.33,
1904,2026-05-05,17.55,23.72,0.66,2.56
1904,2026-05-06,17.6,23.78,0.67,2.56
1904,2026-05-07,17.55,23.72,0.66,2.56
1906,2026-05-05,11.3,1130.0,0.61,0.88
1907,2026-05-05,23.75,19.96,0.53,4.21
1907,2026-05-06,23.85,20.04,0.53,4.19
1907,2026-05-07,24.05,20.21,0.53,4.16
2006,2026-05-05,66.8,10.08,1.5,6.44
2006,2026-05-06,66.7,10.06,1.5,6.45
2006,2026-05-07,67.6,10.2,1.52,6.36
2008,2026-05-05,27.5,40.44,1.4,3.64
2008,2026-05-06,28.0,41.18,1.43,3.57
2008,2026-05-07,27.65,40.66,1.41,3.62
2009,2026-05-05,37.9,111.47,1.4,1.06
2009,2026-05-06,38.4,67.37,1.67,1.04
2009,2026-05-07,39.3,68.95,1.7,1.02
2010,2026-05-05,24.8,10.69,1.24,8.06
2010,2026-05-06,24.85,10.71,1.25,8.05
2010,2026-05-07,24.85,10.71,1.25,8.05
2012,2026-05-05,14.75,73.75,1.06,2.03
2012,2026-05-06,15.05,75.25,1.08,1.99
2012,2026-05-07,15.1,75.5,1.09,1.99
2013,2026-05-05,42.5,13.32,1.5,5.65
2013,2026-05-06,43.0,13.31,1.48,5.58
2013,2026-05-07,42.95,13.3,1.48,5.59
2015,2026-05-05,60.7,15.29,1.67,5.44
2015,2026-05-06,62.5,15.74,1.71,5.28
2015,2026-05-07,62.5,15.74,1.71,5.28
2020,2026-05-05,21.8,10.23,1.3,8.26
2020,2026-05-06,21.8,10.23,1.3,8.26
2020,2026-05-07,21.85,10.26,1.3,8.24
2027,2026-05-05,37.75,13.29,1.18,3.97
2027,2026-05-06,38.45,13.54,1.21,3.9
2027,2026-05-07,39.1,13.77,1.23,3.84
2028,2026-05-05,17.0,60.71,1.17,1.18
2028,2026-05-06,17.35,61.96,1.19,1.15
2028,2026-05-07,17.1,61.07,1.17,1.17
2029,2026-05-05,20.3,27.43,0.65,2.96
2029,2026-05-06,20.25,27.36,0.65,2.96
2029,2026-05-07,20.15,27.23,0.64,2.98
2030,2026-05-05,15.7,44.86,0.88,3.18
2030,2026-05-06,16.1,46.0,0.91,3.11
2030,2026-05-07,16.4,46.86,0.92,3.05
2031,2026-05-05,40.75,12.35,1.11,6.13
2031,2026-05-06,39.4,8.62,1.2,6.35
2031,2026-05-07,39.75,8.7,1.21,6.29
2032,2026-05-05,15.35,27.41,1.14,3.26
2032,2026-05-06,15.8,18.37,1.18,3.16
2032,2026-05-07,16.75,19.48,1.25,2.99
2033,2026-05-05,15.3,43.71,1.17,1.31
2033,2026-05-06,15.5,44.29,1.18,1.29
2033,2026-05-07,15.15,43.29,1.16,1.32
2034,2026-05-05,20.75,98.81,1.12,4.82
2034,2026-05-06,21.4,101.9,1.16,4.67
2034,2026-05-07,21.55,102.62,1.17,4.64
2049,2026-05-05,321.0,74.48,3.04,0.62
2049,2026-05-06,315.5,73.2,2.99,0.63
2049,2026-05-07,318.0,73.78,3.01,0.63
2059,2026-05-05,4140.0,40.1,14.08,1.23
2059,2026-05-06,4400.0,38.78,13.3,1.16
2059,2026-05-07,4840.0,42.66,14.63,1.05
2062,2026-05-05,21.25,54.49,0.56,4.71
2062,2026-05-06,21.0,53.85,0.55,4.76
2062,2026-05-07,20.7,53.08,0.54,4.83
2069,2026-05-05,18.55,11.45,0.74,5.39
2069,2026-05-06,18.75,11.57,0.75,5.33
2069,2026-05-07,18.9,11.67,0.76,5.29
2072,2026-05-05,178.5,14.95,1.54,3.97
2072,2026-05-06,176.0,13.47,1.45,4.02
2072,2026-05-07,179.0,13.7,1.47,3.96
2101,2026-05-05,33.5,30.18,1.93,2.09
2101,2026-05-06,33.55,30.23,1.93,2.09
2101,2026-05-07,34.7,31.26,1.99,2.02
2102,2026-05-05,18.5,2.95,0.88,
2102,2026-05-06,18.45,2.94,0.88,
2102,2026-05-07,18.7,2.98,0.89,
2103,2026-05-05,19.65,36.39,0.81,1.37
2103,2026-05-06,19.95,36.94,0.83,1.35
2103,2026-05-07,19.25,28.73,0.78,1.4
2105,2026-04-30,31.2,20.8,1.16,5.77
2105,2026-05-04,30.85,20.57,1.15,5.83
2105,2026-05-05,31.0,20.67,1.16,5.81
2105,2026-05-06,31.05,20.7,1.16,5.8
2105,2026-05-07,32.0,21.33,1.19,5.63
2106,2026-05-05,17.35,133.46,0.85,3.75
2106,2026-05-06,17.35,133.46,0.85,3.75
2106,2026-05-07,17.5,134.62,0.85,3.71
2107,2026-05-05,26.1,15.63,0.59,5.36
2107,2026-05-06,26.1,15.63,0.59,5.36
2107,2026-05-07,26.5,15.87,0.6,5.28
2108,2026-05-05,26.9,32.41,0.92,3.72
2108,2026-05-06,26.85,32.35,0.92,3.72
2108,2026-05-07,26.8,32.29,0.91,3.73
2109,2026-05-05,14.1,12.16,1.13,7.09
2109,2026-05-06,14.0,12.07,1.12,7.14
2109,2026-05-07,14.0,12.07,1.12,7.14
2114,2026-05-05,87.9,15.21,2.16,5.69
2114,2026-05-06,87.8,15.19,2.16,5.69
2114,2026-05-07,87.8,15.19,2.16,5.69
2115,2026-05-05,20.8,13.16,0.67,5.77
2115,2026-05-06,20.9,13.23,0.68,5.74
2115,2026-05-07,21.45,13.58,0.69,5.59
2201,2026-05-05,27.1,29.46,0.46,2.07
2201,2026-05-06,27.15,29.51,0.46,2.06
2201,2026-05-07,27.7,30.11,0.47,2.02
2204,2026-05-05,53.7,9.96,0.78,6.7
2204,2026-05-06,54.0,10.02,0.79,6.67
2204,2026-05-07,55.0,10.2,0.8,6.55
2206,2026-05-05,57.3,9.85,1.69,5.24
2206,2026-05-06,57.8,9.93,1.71,5.19
2206,2026-05-07,57.9,9.95,1.71,5.18
2207,2026-04-30,476.5,14.04,3.08,4.2
2207,2026-05-04,473.0,13.94,3.06,4.23
2207,2026-05-05,478.0,14.09,3.09,4.18
2207,2026-05-06,474.0,13.97,3.06,4.22
2207,2026-05-07,487.0,14.35,3.15,4.11
2211,2026-05-05,98.7,11.48,1.51,6.59
2211,2026-05-06,98.7,11.48,1.51,6.59
2211,2026-05-07,99.1,11.52,1.51,6.56
2227,2026-05-05,52.6,40.46,0.87,7.41
2227,2026-05-06,53.2,40.92,0.88,7.33
2227,2026-05-07,52.6,40.46,0.87,7.41
2228,2026-05-05,89.2,17.02,1.42,5.04
2228,2026-05-06,88.8,16.95,1.41,5.07
2228,2026-05-07,90.5,17.27,1.44,4.97
2233,2026-05-05,314.5,46.94,4.79,1.27
2233,2026-05-06,315.5,47.09,4.8,1.27
2233,2026-05-07,295.0,44.03,4.49,1.36
2243,2026-05-05,26.0,21.31,2.24,
2243,2026-05-06,26.4,21.64,2.27,
2243,2026-05-07,26.4,21.64,2.27,
2247,2026-05-05,214.5,11.71,1.35,6.76
2247,2026-05-06,214.5,11.71,1.35,6.76
2247,2026-05-07,215.0,11.74,1.35,6.74
2248,2026-05-05,55.1,10.6,1.58,5.59
2248,2026-05-06,54.5,10.48,1.56,5.65
2248,2026-05-07,54.4,10.46,1.56,5.66
2250,2026-05-05,66.6,17.39,1.15,4.5
2250,2026-05-06,64.5,16.84,1.11,4.65
2250,2026-05-07,64.5,16.84,1.11,4.65
2301,2026-05-05,171.0,25.15,4.4,2.92
2301,2026-05-06,185.0,27.21,4.76,2.7
2301,2026-05-07,203.5,29.93,5.24,2.46
2302,2026-05-05,20.3,41.43,1.87,1.72
2302,2026-05-06,19.85,40.51,1.83,1.76
2302,2026-05-07,20.15,41.12,1.85,1.74
2303,2026-04-30,77.3,19.42,2.39,3.36
2303,2026-05-04,81.2,20.4,2.51,3.2
2303,2026-05-05,83.1,20.88,2.57,3.13
2303,2026-05-06,91.4,22.96,2.83,2.84
2303,2026-05-07,96.5,24.25,2.98,2.69
2305,2026-05-05,16.75,83.75,1.48,
2305,2026-05-06,16.85,84.25,1.49,
2305,2026-05-07,16.2,81.0,1.43,
2308,2026-04-30,2165.0,79.83,18.77,0.54
2308,2026-05-04,2220.0,81.86,19.25,0.52
2308,2026-05-05,2165.0,79.83,18.77,0.54
2308,2026-05-06,2210.0,81.49,19.16,0.52
2308,2026-05-07,2280.0,84.07,19.77,0.51
2312,2026-05-05,28.1,27.02,1.86,2.14
2312,2026-05-06,28.0,26.92,1.85,2.14
2312,2026-05-07,28.55,27.45,1.89,2.1
2313,2026-05-05,274.5,49.82,6.84,1.02
2313,2026-05-06,250.0,45.37,6.23,1.12
2313,2026-05-07,249.5,45.28,6.21,1.12
2316,2026-05-05,118.0,8.82,1.7,1.69
2316,2026-05-06,117.0,8.74,1.69,1.71
2316,2026-05-07,116.5,8.71,1.68,1.72
2317,2026-04-30,219.5,16.19,1.73,3.28
2317,2026-05-04,227.5,16.78,1.79,3.16
2317,2026-05-05,239.5,17.66,1.89,3.01
2317,2026-05-06,252.0,18.58,1.98,2.86
2317,2026-05-07,253.5,18.69,2.0,2.84
2323,2026-05-05,10.45,6.61,0.59,1.91
2323,2026-05-06,10.6,6.71,0.6,1.89
2323,2026-05-07,10.85,6.87,0.61,1.84
2324,2026-05-05,29.3,21.23,0.97,3.75
2324,2026-05-06,29.2,21.16,0.97,3.77
2324,2026-05-07,29.45,21.34,0.97,3.74
2327,2026-05-05,348.5,30.33,4.19,1.72
2327,2026-05-06,338.0,29.42,4.07,1.78
2327,2026-05-07,371.5,32.33,4.47,1.62
2328,2026-05-05,55.1,35.32,1.92,1.63
2328,2026-05-06,54.2,34.74,1.88,1.66
2328,2026-05-07,53.6,34.36,1.86,1.68
2329,2026-05-05,62.1,28.1,3.58,1.61
2329,2026-05-06,62.4,28.24,3.59,1.6
2329,2026-05-07,62.3,28.19,3.59,1.61
2330,2026-04-30,2135.0,32.23,10.22,1.03
2330,2026-05-04,2275.0,34.34,10.89,0.97
2330,2026-05-05,2250.0,33.97,10.77,0.98
2330,2026-05-06,2250.0,33.97,10.77,0.98
2330,2026-05-07,2310.0,34.87,11.05,0.95
2331,2026-05-05,21.4,15.18,1.11,0.98
2331,2026-05-06,21.1,14.96,1.09,1.0
2331,2026-05-07,20.6,14.61,1.07,1.02
2344,2026-05-05,98.8,29.32,3.81,0.51
2344,2026-05-06,108.5,32.2,4.19,0.46
2344,2026-05-07,114.0,33.83,4.4,0.44
2345,2026-05-05,2495.0,52.94,24.24,0.6
2345,2026-05-06,2485.0,52.73,24.14,0.6
2345,2026-05-07,2560.0,54.32,24.87,0.59
2347,2026-05-05,82.2,16.18,1.71,5.11
2347,2026-05-06,84.5,14.7,1.79,4.97
2347,2026-05-07,83.9,14.59,1.78,5.01
2348,2026-05-05,72.0,12.04,1.57,7.64
2348,2026-05-06,71.1,11.89,1.55,7.74
2348,2026-05-07,71.3,11.92,1.55,7.71
2351,2026-05-05,159.5,96.08,4.17,0.69
2351,2026-05-06,156.5,94.28,4.09,0.7
2351,2026-05-07,166.5,100.3,4.36,0.66
2352,2026-05-05,24.95,34.65,1.38,4.01
2352,2026-05-06,25.85,35.9,1.43,3.87
2352,2026-05-07,25.2,35.0,1.4,3.97
2353,2026-05-05,27.75,22.02,1.1,4.68
2353,2026-05-06,28.1,22.3,1.12,4.63
2353,2026-05-07,28.1,22.3,1.12,4.63
2354,2026-05-05,58.5,25.22,0.77,2.56
2354,2026-05-06,64.3,27.72,0.85,2.33
2354,2026-05-07,63.3,27.28,0.83,2.37
2355,2026-05-05,52.0,32.5,1.2,1.92
2355,2026-05-06,51.8,32.38,1.19,1.93
2355,2026-05-07,52.7,32.94,1.21,1.9
2356,2026-04-30,45.9,18.97,2.16,4.36
2356,2026-05-04,46.5,19.21,2.19,4.3
2356,2026-05-05,46.95,19.4,2.21,4.26
2356,2026-05-06,49.2,20.33,2.32,4.07
2356,2026-05-07,49.95,20.64,2.35,4.0
2357,2026-04-30,581.0,9.68,1.61,7.23
2357,2026-05-04,591.0,9.85,1.64,7.11
2357,2026-05-05,590.0,9.83,1.63,7.12
2357,2026-05-06,629.0,10.49,1.74,6.68
2357,2026-05-07,639.0,10.65,1.77,6.57
2359,2026-05-05,124.5,101.22,3.7,0.8
2359,2026-05-06,121.0,98.37,3.59,0.83
2359,2026-05-07,120.5,97.97,3.58,0.83
2360,2026-05-05,2235.0,80.98,29.68,0.87
2360,2026-05-06,2345.0,84.96,31.14,0.83
2360,2026-05-07,2325.0,84.24,30.88,0.84
2362,2026-05-05,39.2,19.03,0.52,5.1
2362,2026-05-06,39.4,19.13,0.53,5.08
2362,2026-05-07,39.95,19.39,0.53,5.01
2363,2026-05-05,55.8,36.47,1.57,1.08
2363,2026-05-06,57.2,37.39,1.61,1.05
2363,2026-05-07,57.9,37.84,1.63,1.04
2364,2026-05-05,63.8,15.19,3.98,4.7
2364,2026-05-06,65.1,15.5,4.06,4.61
2364,2026-05-07,65.3,15.55,4.07,4.59
2365,2026-05-05,36.95,115.47,2.68,0.81
2365,2026-05-06,36.8,115.0,2.67,0.82
2365,2026-05-07,36.4,113.75,2.64,0.82
2367,2026-05-05,61.2,88.7,3.36,0.33
2368,2026-05-05,1480.0,77.85,22.34,0.68
2368,2026-05-06,1445.0,76.01,21.81,0.69
2368,2026-05-07,1450.0,76.28,21.89,0.69
2373,2026-05-05,56.7,14.58,1.7,6.53
2373,2026-05-06,57.5,14.78,1.72,6.43
2373,2026-05-07,56.8,14.6,1.7,6.51
2374,2026-05-05,81.0,33.33,3.27,2.22
2374,2026-05-06,79.2,32.59,3.2,2.27
2374,2026-05-07,79.7,32.8,3.22,2.26
2375,2026-05-05,90.0,24.13,0.99,1.33
2375,2026-05-06,88.7,23.78,0.98,1.35
2375,2026-05-07,91.3,24.48,1.01,1.31
2376,2026-04-30,273.0,15.0,3.09,4.4
2376,2026-05-04,279.0,15.33,3.16,4.3
2376,2026-05-05,279.5,15.36,3.17,4.29
2376,2026-05-06,301.0,16.54,3.41,3.99
2376,2026-05-07,309.0,16.98,3.5,3.88
2377,2026-05-05,95.7,14.07,1.48,4.39
2377,2026-05-06,100.0,14.71,1.55,4.2
2377,2026-05-07,101.0,14.85,1.56,4.16
2379,2026-04-30,537.0,18.76,5.3,4.66
2379,2026-05-04,528.0,18.45,5.21,4.73
2379,2026-05-05,533.0,18.62,5.26,4.69
2379,2026-05-06,544.0,19.01,5.37,4.6
2379,2026-05-07,539.0,18.83,5.32,4.64
2380,2026-05-05,6.08,30.4,2.36,
2380,2026-05-06,5.98,29.9,2.32,
2380,2026-05-07,5.65,28.25,2.19,
2382,2026-04-30,312.5,16.07,4.95,4.99
2382,2026-05-04,318.0,16.35,5.03,4.91
2382,2026-05-05,321.0,16.5,5.08,4.86
2382,2026-05-06,346.5,17.81,5.48,4.5
2382,2026-05-07,344.0,17.69,5.44,4.53
2383,2026-05-05,4730.0,102.6,35.35,0.53
2383,2026-05-06,4950.0,107.38,37.0,0.51
2383,2026-05-07,4960.0,107.59,37.07,0.5
2385,2026-05-05,130.0,14.36,2.13,5.54
2385,2026-05-06,128.5,14.2,2.11,5.6
2385,2026-05-07,131.0,14.48,2.15,5.5
2387,2026-05-05,41.35,11.92,0.75,9.67
2387,2026-05-06,41.0,11.82,0.75,9.76
2387,2026-05-07,41.65,12.0,0.76,9.6
2388,2026-05-05,79.9,665.83,2.08,0.25
2388,2026-05-06,80.0,666.67,2.08,0.25
2388,2026-05-07,75.6,630.0,1.97,0.26
2393,2026-05-05,72.3,15.72,1.61,6.22
2393,2026-05-06,73.1,15.89,1.62,6.16
2393,2026-05-07,72.5,15.76,1.61,6.21
2395,2026-05-05,396.5,30.76,6.94,2.82
2395,2026-05-06,409.5,31.77,7.17,2.74
2395,2026-05-07,444.0,34.45,7.77,2.52
2397,2026-05-05,58.9,23.65,1.98,4.16
2397,2026-05-06,59.1,23.73,1.99,4.15
2397,2026-05-07,59.9,24.06,2.02,4.09
2399,2026-05-05,43.1,287.33,3.49,
2399,2026-05-06,44.8,298.67,3.62,
2399,2026-05-07,43.5,290.0,3.52,
2402,2026-05-05,72.6,29.63,3.01,2.75
2402,2026-05-06,70.8,28.9,2.94,2.82
2402,2026-05-07,70.1,28.61,2.91,2.85
2404,2026-05-05,977.0,20.32,9.89,4.09
2404,2026-05-06,984.0,20.46,9.96,4.07
2404,2026-05-07,997.0,20.73,10.1,4.01
2408,2026-05-05,256.5,120.42,4.66,0.58
2408,2026-05-06,282.0,25.25,4.53,0.53
2408,2026-05-07,287.0,25.69,4.61,0.52
2409,2026-05-05,17.85,19.62,0.89,2.24
2409,2026-05-06,18.05,19.84,0.9,2.22
2409,2026-05-07,18.35,20.16,0.91,2.18
2412,2026-04-30,136.0,27.25,2.73,3.82
2412,2026-05-04,135.5,27.15,2.72,3.84
2412,2026-05-05,136.0,27.25,2.73,3.82
2412,2026-05-06,136.0,27.25,2.73,3.82
2412,2026-05-07,135.5,27.15,2.72,3.84
2413,2026-05-05,45.3,110.49,2.87,1.1
2413,2026-05-06,44.3,108.05,2.8,1.13
2413,2026-05-07,45.2,110.24,2.86,1.11
2414,2026-05-05,46.1,14.54,2.31,6.51
2414,2026-05-06,48.0,15.14,2.4,6.25
2414,2026-05-07,48.3,13.68,2.28,6.21
2415,2026-05-05,27.0,14.92,1.44,5.89
2415,2026-05-06,27.2,15.03,1.45,5.85
2415,2026-05-07,27.6,15.25,1.47,5.76
2420,2026-05-05,55.4,14.17,2.13,5.42
2420,2026-05-06,55.0,14.07,2.11,5.45
2420,2026-05-07,55.5,14.19,2.13,5.41
2421,2026-05-05,149.5,18.81,4.58,3.68
2421,2026-05-06,148.0,18.62,4.54,3.72
2421,2026-05-07,149.5,18.81,4.58,3.68
2423,2026-05-05,66.5,22.77,3.26,3.76
2423,2026-05-06,64.0,21.92,3.13,3.91
2423,2026-05-07,64.5,22.09,3.16,3.88
2427,2026-05-05,21.65,14.15,1.3,3.23
2427,2026-05-06,21.45,14.02,1.29,3.26
2427,2026-05-07,21.35,13.95,1.28,3.28
2428,2026-05-05,185.5,15.77,2.13,3.18
2428,2026-05-06,185.0,15.73,2.12,3.19
2428,2026-05-07,188.5,17.14,2.05,3.13
2430,2026-05-05,20.0,28.99,0.53,4.0
2430,2026-05-06,19.9,28.84,0.53,4.02
2430,2026-05-07,19.9,28.84,0.53,4.02
2432,2026-05-05,28.0,14.74,1.46,6.07
2432,2026-05-06,28.95,15.24,1.51,5.87
2432,2026-05-07,27.25,14.19,1.53,6.24
2433,2026-05-05,45.2,14.82,1.95,5.97
2433,2026-05-06,45.45,14.9,1.96,5.94
2433,2026-05-07,45.6,14.95,1.97,5.92
2434,2026-05-05,32.6,1630.0,2.56,
2434,2026-05-06,32.9,1645.0,2.58,
2434,2026-05-07,32.5,1625.0,2.55,
2436,2026-05-05,73.5,26.25,3.5,2.72
2436,2026-05-06,74.9,26.75,3.56,2.67
2436,2026-05-07,74.0,26.43,3.52,2.7
2439,2026-05-05,89.5,18.19,1.34,4.47
2439,2026-05-06,87.2,17.72,1.3,4.59
2439,2026-05-07,86.5,17.58,1.29,4.62
2441,2026-05-05,94.0,20.13,2.12,3.19
2441,2026-05-06,93.2,19.96,2.1,3.22
2441,2026-05-07,93.4,20.0,2.11,3.21
2442,2026-05-05,18.5,3.59,0.82,14.59
2442,2026-05-06,18.5,3.59,0.82,14.59
2442,2026-05-07,18.65,3.62,0.83,14.48
2449,2026-05-05,354.0,39.29,8.58,0.42
2449,2026-05-06,328.5,36.46,7.97,0.46
2449,2026-05-07,339.0,37.62,8.22,0.44
2450,2026-05-05,29.6,19.35,1.25,5.24
2450,2026-05-06,29.6,19.35,1.25,5.24
2450,2026-05-07,29.7,19.41,1.26,5.22
2451,2026-05-05,283.0,21.89,5.29,4.17
2451,2026-05-06,302.5,23.4,5.66,3.9
2451,2026-05-07,302.5,9.78,4.97,3.9
2453,2026-05-05,55.1,17.66,2.46,5.08
2453,2026-05-06,54.6,17.5,2.44,5.13
2453,2026-05-07,55.0,17.63,2.46,5.09
2454,2026-04-30,2610.0,39.56,10.4,2.05
2454,2026-05-04,2870.0,43.5,11.44,1.86
2454,2026-05-05,3155.0,47.82,12.57,1.7
2454,2026-05-06,3430.0,51.99,13.67,1.56
2454,2026-05-07,3420.0,51.83,13.63,1.56
2455,2026-05-05,386.5,121.92,19.49,0.69
2455,2026-05-06,348.0,109.78,17.55,0.76
2455,2026-05-07,342.0,107.89,17.25,0.77
2458,2026-05-05,140.5,16.47,3.9,5.03
2458,2026-05-06,142.0,16.65,3.94,4.98
2458,2026-05-07,144.0,16.88,4.0,4.91
2459,2026-05-05,66.8,12.92,1.23,6.29
2459,2026-05-06,66.7,12.9,1.23,6.3
2459,2026-05-07,66.6,12.88,1.23,6.31
2462,2026-05-05,21.1,78.15,0.97,0.95
2462,2026-05-06,20.95,77.59,0.96,0.95
2462,2026-05-07,21.25,78.7,0.98,0.94
2465,2026-05-05,89.5,229.49,7.74,
2465,2026-05-06,85.1,218.21,7.36,
2465,2026-05-07,86.3,221.28,7.46,
2466,2026-05-05,54.5,227.08,4.71,
2466,2026-05-06,53.3,222.08,4.61,
2466,2026-05-07,53.2,221.67,4.6,
2467,2026-05-05,571.0,104.77,13.3,0.96
2467,2026-05-06,567.0,104.04,13.2,0.97
2467,2026-05-07,554.0,101.65,12.9,0.99
2468,2026-05-05,34.2,27.36,1.88,2.92
2468,2026-05-06,34.0,27.2,1.87,2.94
2468,2026-05-07,35.9,28.72,1.97,2.79
2471,2026-05-05,52.7,14.48,2.64,6.28
2471,2026-05-06,52.8,14.51,2.64,6.27
2471,2026-05-07,52.9,14.53,2.65,6.26
2472,2026-05-05,188.5,21.59,3.41,1.86
2472,2026-05-06,186.5,21.36,3.38,1.88
2472,2026-05-07,201.5,23.08,3.65,1.74
2474,2026-04-30,209.0,17.19,0.86,4.86
2474,2026-05-04,209.5,17.23,0.86,4.85
2474,2026-05-05,212.5,17.48,0.87,4.78
2474,2026-05-06,209.5,17.23,0.86,4.85
2474,2026-05-07,206.0,16.94,0.85,4.93
2476,2026-05-05,116.0,26.54,2.72,2.59
2476,2026-05-06,114.0,26.09,2.68,2.63
2476,2026-05-07,114.5,26.2,2.69,2.62
2477,2026-05-05,20.55,12.23,0.78,6.81
2477,2026-05-06,20.4,12.14,0.77,6.86
2477,2026-05-07,21.25,12.65,0.8,6.59
2478,2026-05-05,77.1,20.78,1.51,2.36
2478,2026-05-06,76.7,20.67,1.51,2.37
2478,2026-05-07,80.1,21.59,1.57,2.27
2480,2026-05-05,150.0,17.88,5.34,5.2
2480,2026-05-06,149.5,17.82,5.32,5.22
2480,2026-05-07,147.0,17.52,5.24,5.31
2481,2026-05-05,102.0,32.69,2.66,1.76
2481,2026-05-06,101.5,32.53,2.64,1.77
2481,2026-05-07,103.5,33.17,2.7,1.74
2483,2026-05-05,23.4,39.0,0.98,1.28
2483,2026-05-06,23.5,39.17,0.99,1.28
2483,2026-05-07,23.7,39.5,1.0,1.27
2484,2026-05-05,42.55,57.5,1.65,1.65
2484,2026-05-06,40.8,55.14,1.59,1.72
2484,2026-05-07,44.85,60.61,1.74,1.56
2486,2026-05-05,307.0,1395.45,13.73,0.16
2486,2026-05-06,288.0,1309.09,12.88,0.17
2486,2026-05-07,278.0,1263.64,12.43,0.18
2488,2026-05-05,51.3,11.25,1.46,5.85
2488,2026-05-06,51.0,11.18,1.45,5.88
2488,2026-05-07,51.7,11.14,1.42,5.8
2489,2026-05-05,46.2,35.54,2.11,2.6
2489,2026-05-06,44.4,34.15,2.02,2.7
2489,2026-05-07,44.25,34.04,2.02,2.71
2491,2026-05-05,17.35,12.13,1.53,
2491,2026-05-06,19.05,13.32,1.68,
2491,2026-05-07,19.2,13.43,1.69,
2492,2026-05-05,148.5,31.33,1.38,1.62
2492,2026-05-06,147.0,28.16,1.33,1.63
2492,2026-05-07,160.0,30.65,1.45,1.5
2493,2026-05-05,136.0,31.19,5.31,2.94
2493,2026-05-06,139.0,31.88,5.43,2.88
2493,2026-05-07,141.0,32.34,5.51,2.84
2495,2026-05-05,41.65,36.86,2.48,1.92
2495,2026-05-06,42.65,37.74,2.54,1.88
2495,2026-05-07,40.85,36.15,2.44,1.96
2496,2026-05-05,64.5,10.56,1.39,7.75
2496,2026-05-06,64.5,10.56,1.39,7.75
2496,2026-05-07,64.5,10.56,1.39,7.75
2497,2026-05-05,55.2,22.72,2.77,3.62
2497,2026-05-06,55.0,22.63,2.76,3.64
2497,2026-05-07,60.5,24.9,3.03,3.31
2498,2026-05-05,41.0,5.69,1.29,
2498,2026-05-06,40.1,5.56,1.26,
2498,2026-05-07,40.45,19.54,1.25,
2501,2026-05-05,22.5,7.95,0.85,5.33
2501,2026-05-06,22.75,8.04,0.86,5.27
2501,2026-05-07,23.5,8.3,0.89,5.11
2504,2026-05-05,34.7,10.52,1.51,7.49
2504,2026-05-06,34.7,10.52,1.51,7.49
2504,2026-05-07,35.0,10.61,1.52,7.43
2505,2026-05-05,18.05,7.62,0.63,5.54
2505,2026-05-06,17.8,7.51,0.62,5.62
2505,2026-05-07,17.85,7.53,0.62,5.6
2506,2026-05-05,8.74,437.0,0.41,2.29
2506,2026-05-06,8.72,436.0,0.4,2.29
2506,2026-05-07,8.7,435.0,0.4,2.3
2511,2026-05-05,7.89,23.91,0.5,3.8
2511,2026-05-06,7.9,23.94,0.5,3.8
2511,2026-05-07,7.88,22.51,0.49,3.81
2514,2026-05-05,13.25,7.09,0.37,
2514,2026-05-06,13.35,7.14,0.38,
2514,2026-05-07,13.25,7.09,0.37,
2515,2026-05-05,13.05,32.63,0.93,3.83
2515,2026-05-06,13.2,33.0,0.94,3.79
2515,2026-05-07,13.25,33.13,0.94,3.77
2516,2026-05-05,13.45,10.93,1.48,
2516,2026-05-06,13.6,11.06,1.5,
2516,2026-05-07,13.3,10.81,1.47,
2520,2026-05-05,28.75,11.02,0.7,5.57
2520,2026-05-06,29.15,11.17,0.71,5.49
2520,2026-05-07,29.45,11.28,0.72,5.43
2524,2026-05-05,36.1,20.99,0.63,
2524,2026-05-06,36.35,21.13,0.63,
2524,2026-05-07,36.4,21.16,0.63,
2527,2026-05-05,33.9,36.45,0.52,4.42
2527,2026-05-06,33.9,36.45,0.52,4.42
2527,2026-05-07,34.6,37.2,0.53,4.34
2528,2026-05-05,22.45,6.36,1.23,13.36
2528,2026-05-06,22.25,6.3,1.22,13.48
2528,2026-05-07,22.4,6.35,1.23,13.39
2530,2026-05-05,20.4,10.05,1.7,9.07
2530,2026-05-06,20.75,10.22,1.73,8.92
2530,2026-05-07,21.15,10.42,1.76,8.75
2534,2026-05-05,18.75,9.1,0.59,8.0
2534,2026-05-06,18.8,9.13,0.59,7.98
2534,2026-05-07,18.9,9.17,0.59,7.94
2535,2026-05-05,72.7,8.72,1.91,6.33
2535,2026-05-06,73.5,8.81,1.93,6.26
2535,2026-05-07,75.1,9.0,1.97,6.13
2536,2026-05-05,20.9,6.55,0.55,2.39
2536,2026-05-06,20.4,6.39,0.54,2.45
2536,2026-05-07,20.85,6.54,0.55,2.4
2537,2026-05-05,10.25,68.33,0.69,
2537,2026-05-06,10.3,32.19,0.68,
2537,2026-05-07,10.5,32.81,0.69,
2538,2026-05-05,9.66,27.6,0.75,7.25
2538,2026-05-06,10.0,28.57,0.78,7.0
2538,2026-05-07,9.89,28.26,0.77,7.08
2539,2026-05-05,39.9,11.53,2.66,7.02
2539,2026-05-06,39.7,11.47,2.64,7.05
2539,2026-05-07,39.35,11.37,2.62,7.12
2540,2026-05-05,51.0,75.0,2.93,7.84
2540,2026-05-06,50.6,74.41,2.91,7.91
2540,2026-05-07,52.0,76.47,2.99,7.69
2542,2026-05-05,39.7,18.9,1.59,10.08
2542,2026-05-06,39.6,18.86,1.59,10.1
2542,2026-05-07,39.4,18.76,1.58,10.15
2543,2026-05-05,44.25,16.57,2.36,11.3
2543,2026-05-06,43.65,16.35,2.33,11.45
2543,2026-05-07,43.55,16.31,2.32,11.48
2545,2026-05-05,38.05,21.26,0.97,7.36
2545,2026-05-06,38.65,21.59,0.98,7.24
2545,2026-05-07,39.0,21.79,0.99,7.18
2546,2026-05-05,85.2,8.95,1.84,7.04
2546,2026-05-06,84.8,8.91,1.83,7.08
2546,2026-05-07,85.5,8.98,1.85,7.02
2547,2026-05-05,10.25,3.66,0.74,7.8
2547,2026-05-06,10.25,3.66,0.74,7.8
2547,2026-05-07,10.25,3.66,0.74,7.8
2548,2026-05-05,121.0,9.44,1.88,7.02
2548,2026-05-06,125.0,9.75,1.94,6.8
2548,2026-05-07,124.5,9.71,1.93,6.83
2597,2026-05-05,152.5,14.19,5.23,6.34
2597,2026-05-06,155.5,14.47,5.33,6.22
2597,2026-05-07,156.0,14.51,5.35,6.2
2603,2026-04-30,202.0,6.38,0.78,7.92
2603,2026-05-04,206.0,6.5,0.79,7.77
2603,2026-05-05,208.0,6.57,0.8,7.69
2603,2026-05-06,212.0,6.69,0.81,7.55
2603,2026-05-07,213.5,6.74,0.82,7.49
2605,2026-05-05,34.9,24.07,1.17,2.87
2605,2026-05-06,35.5,24.48,1.19,2.82
2605,2026-05-07,34.4,23.72,1.15,2.91
2606,2026-05-05,62.8,14.57,1.36,4.46
2606,2026-05-06,64.2,14.9,1.4,4.36
2606,2026-05-07,65.1,12.5,1.36,4.3
2607,2026-05-05,47.25,8.72,0.83,5.71
2607,2026-05-06,47.5,8.76,0.83,5.68
2607,2026-05-07,48.0,8.86,0.84,5.63
2608,2026-05-05,30.0,15.23,1.12,5.5
2608,2026-05-06,29.95,15.2,1.12,5.51
2608,2026-05-07,30.0,15.23,1.12,5.5
2609,2026-04-30,49.15,10.03,0.53,4.07
2609,2026-05-04,49.95,10.19,0.54,4.0
2609,2026-05-05,50.1,10.22,0.54,3.99
2609,2026-05-06,50.6,10.33,0.54,3.95
2609,2026-05-07,50.7,10.35,0.54,3.94
2610,2026-04-30,17.9,7.4,1.12,4.58
2610,2026-05-04,18.0,7.44,1.12,4.56
2610,2026-05-05,18.05,7.46,1.13,4.54
2610,2026-05-06,17.95,7.42,1.12,4.57
2610,2026-05-07,18.6,7.69,1.16,4.41
2611,2026-05-05,13.4,25.77,0.93,3.88
2611,2026-05-06,13.35,25.67,0.93,3.9
2611,2026-05-07,13.5,25.96,0.94,3.85
2612,2026-05-05,55.7,10.2,0.81,3.95
2612,2026-05-06,57.4,10.51,0.84,3.83
2612,2026-05-07,58.6,10.73,0.86,3.75
2613,2026-05-05,22.5,19.74,0.94,4.44
2613,2026-05-06,22.4,19.65,0.93,4.46
2613,2026-05-07,22.65,19.87,0.94,4.42
2614,2026-05-05,20.3,10.2,1.55,5.91
2614,2026-05-06,20.4,10.25,1.55,5.88
2614,2026-05-07,20.2,10.15,1.54,5.94
2615,2026-04-30,74.6,6.65,0.76,4.02
2615,2026-05-04,75.6,6.74,0.77,3.97
2615,2026-05-05,77.0,6.87,0.78,3.9
2615,2026-05-06,77.8,6.94,0.79,3.86
2615,2026-05-07,78.2,6.98,0.8,3.84
2617,2026-05-05,29.3,8.85,0.67,5.12
2617,2026-05-06,29.5,8.91,0.67,5.08
2617,2026-05-07,29.8,9.0,0.68,5.03
2618,2026-04-30,33.5,6.92,1.31,5.97
2618,2026-05-04,33.8,6.98,1.32,5.92
2618,2026-05-05,34.0,7.02,1.33,5.88
2618,2026-05-06,33.95,7.01,1.33,5.89
2618,2026-05-07,35.4,7.31,1.38,5.65
2630,2026-05-05,50.3,50.3,2.97,1.79
2630,2026-05-06,49.3,49.3,2.91,1.83
2630,2026-05-07,49.75,49.75,2.94,1.81
2633,2026-05-05,26.4,22.56,2.04,4.36
2633,2026-05-06,26.4,22.56,2.04,4.36
2633,2026-05-07,26.35,21.78,1.98,4.36
2634,2026-05-05,50.0,62.5,2.6,1.56
2634,2026-05-06,48.95,61.19,2.54,1.59
2634,2026-05-07,49.5,61.88,2.57,1.58
2636,2026-05-05,67.7,8.75,0.94,7.39
2636,2026-05-06,68.0,8.79,0.95,7.35
2636,2026-05-07,68.1,8.8,0.95,7.34
2637,2026-05-05,74.0,14.04,1.15,4.73
2637,2026-05-06,76.0,14.42,1.18,4.61
2637,2026-05-07,76.8,14.57,1.19,4.56
2645,2026-05-05,160.0,29.3,4.42,3.13
2645,2026-05-06,157.0,28.75,4.34,3.18
2645,2026-05-07,159.0,29.12,4.39,3.14
2646,2026-05-05,20.6,228.89,1.97,
2646,2026-05-06,20.3,225.56,1.94,
2646,2026-05-07,20.6,228.89,1.97,
2701,2026-05-05,10.7,19.11,0.58,2.62
2701,2026-05-06,10.8,19.29,0.58,2.59
2701,2026-05-07,10.7,19.11,0.58,2.62
2704,2026-05-05,41.75,23.32,0.58,1.2
2704,2026-05-06,42.05,23.49,0.58,1.19
2704,2026-05-07,42.0,23.46,0.58,1.19
2705,2026-05-05,16.35,18.79,0.62,
2705,2026-05-06,16.25,18.68,0.62,
2705,2026-05-07,16.1,18.51,0.61,
2706,2026-05-05,12.45,19.15,0.61,2.81
2706,2026-05-06,12.5,19.23,0.62,2.8
2706,2026-05-07,12.4,19.08,0.61,2.82
2707,2026-05-05,169.5,14.83,5.22,6.34
2707,2026-05-06,170.0,14.87,5.23,6.32
2707,2026-05-07,170.0,14.87,5.23,6.32
2727,2026-05-05,228.0,14.23,4.01,7.07
2727,2026-05-06,232.0,14.48,4.08,6.95
2727,2026-05-07,231.0,14.42,4.07,6.98
2731,2026-05-05,160.0,9.15,3.01,8.0
2731,2026-05-06,160.5,9.18,3.02,7.98
2731,2026-05-07,163.5,9.35,3.08,7.83
2739,2026-05-05,34.6,14.66,1.96,7.46
2739,2026-05-06,34.7,14.7,1.97,7.44
2739,2026-05-07,34.75,14.72,1.97,7.42
2748,2026-05-05,41.2,18.99,1.43,4.25
2748,2026-05-06,41.8,19.26,1.46,4.19
2748,2026-05-07,40.55,18.69,1.41,4.32
2753,2026-05-05,179.5,13.98,3.15,6.69
2753,2026-05-06,180.5,14.06,3.17,6.65
2753,2026-05-07,180.5,14.06,3.17,6.65
2762,2026-05-05,72.7,19.44,2.75,8.18
2762,2026-05-06,73.0,19.52,2.76,8.15
2762,2026-05-07,73.9,19.76,2.79,8.05
2801,2026-05-05,20.8,13.77,1.11,4.81
2801,2026-05-06,20.9,13.84,1.12,4.78
2801,2026-05-07,20.9,13.84,1.12,4.78
2812,2026-05-05,19.8,13.2,1.3,5.35
2812,2026-05-06,19.75,13.17,1.3,5.37
2812,2026-05-07,19.7,13.13,1.29,5.38
2816,2026-05-05,30.05,6.45,0.83,4.99
2816,2026-05-06,30.0,6.44,0.83,5.0
2816,2026-05-07,30.05,6.45,0.83,4.99
2820,2026-05-05,16.85,12.57,0.81,5.34
2820,2026-05-06,16.85,12.57,0.81,5.34
2820,2026-05-07,16.85,12.57,0.81,5.34
2832,2026-05-05,52.0,10.61,1.11,6.73
2832,2026-05-06,52.5,10.71,1.12,6.67
2832,2026-05-07,52.7,10.76,1.13,6.64
2834,2026-05-05,16.15,12.82,1.07,6.19
2834,2026-05-06,16.2,12.86,1.07,6.17
2834,2026-05-07,16.15,12.82,1.07,6.19
2836,2026-05-05,11.85,17.43,0.83,3.8
2836,2026-05-06,11.9,17.5,0.84,3.78
2836,2026-05-07,11.95,17.57,0.84,3.77
2838,2026-05-05,20.45,15.26,1.09,5.18
2838,2026-05-06,20.7,15.45,1.1,5.12
2838,2026-05-07,20.55,15.34,1.09,5.16
2845,2026-05-05,12.2,14.19,0.85,5.16
2845,2026-05-06,12.25,14.24,0.85,5.14
2845,2026-05-07,12.25,14.24,0.85,5.14
2849,2026-05-05,13.7,17.34,0.74,2.77
2849,2026-05-06,13.95,17.66,0.76,2.72
2849,2026-05-07,13.95,17.66,0.76,2.72
2850,2026-05-05,131.0,10.67,2.0,5.55
2850,2026-05-06,131.0,10.67,2.0,5.55
2850,2026-05-07,131.5,10.71,2.0,5.53
2851,2026-05-05,30.55,8.35,1.13,7.2
2851,2026-05-06,31.3,8.55,1.15,7.03
2851,2026-05-07,31.35,8.57,1.16,7.02
2852,2026-05-05,26.0,8.9,0.86,6.38
2852,2026-05-06,26.05,8.92,0.86,6.37
2852,2026-05-07,26.1,8.94,0.86,6.36
2855,2026-05-05,39.1,13.03,1.59,5.4
2855,2026-05-06,39.0,13.0,1.59,5.41
2855,2026-05-07,39.7,13.23,1.62,5.31
2867,2026-05-05,7.61,38.05,1.11,
2867,2026-05-06,7.69,38.45,1.12,
2867,2026-05-07,7.81,39.05,1.14,
2880,2026-04-30,32.05,16.87,1.89,4.52
2880,2026-05-04,32.05,16.87,1.89,4.52
2880,2026-05-05,32.65,17.18,1.92,4.44
2880,2026-05-06,32.7,17.21,1.93,4.43
2880,2026-05-07,33.3,17.53,1.96,4.35
2881,2026-04-30,90.0,11.61,1.43,4.72
2881,2026-05-04,91.0,11.74,1.45,4.67
2881,2026-05-05,92.2,11.9,1.46,4.61
2881,2026-05-06,92.8,11.97,1.47,4.58
2881,2026-05-07,94.5,12.19,1.5,4.5
2882,2026-04-30,77.2,11.68,1.35,4.53
2882,2026-05-04,76.2,11.53,1.33,4.59
2882,2026-05-05,77.2,11.68,1.35,4.53
2882,2026-05-06,78.7,11.91,1.37,4.45
2882,2026-05-07,79.0,11.95,1.38,4.43
2883,2026-04-30,21.5,13.27,1.22,4.65
2883,2026-05-04,21.4,13.21,1.21,4.67
2883,2026-05-05,21.8,13.46,1.24,4.59
2883,2026-05-06,22.2,13.7,1.26,4.5
2883,2026-05-07,22.45,13.86,1.27,4.45
2884,2026-04-30,31.85,15.02,1.89,4.4
2884,2026-05-04,31.3,14.76,1.86,4.47
2884,2026-05-05,31.55,14.88,1.87,4.44
2884,2026-05-06,31.85,15.02,1.89,4.4
2884,2026-05-07,32.1,15.14,1.9,4.36
2885,2026-04-30,52.2,19.05,2.04,4.21
2885,2026-05-04,53.1,19.38,2.08,4.14
2885,2026-05-05,55.4,20.22,2.17,3.97
2885,2026-05-06,56.2,20.51,2.2,3.91
2885,2026-05-07,56.1,20.47,2.2,3.92
2886,2026-04-30,39.1,16.57,1.48,4.48
2886,2026-05-04,39.0,16.53,1.47,4.49
2886,2026-05-05,39.1,16.57,1.48,4.48
2886,2026-05-06,39.55,16.76,1.5,4.42
2886,2026-05-07,39.65,16.8,1.5,4.41
2887,2026-04-30,23.8,16.76,1.29,4.62
2887,2026-05-04,23.5,16.55,1.28,4.68
2887,2026-05-05,23.7,16.69,1.29,4.64
2887,2026-05-06,23.95,16.87,1.3,4.59
2887,2026-05-07,24.0,16.9,1.3,4.58
2889,2026-05-05,14.5,23.02,1.14,4.07
2889,2026-05-06,14.55,23.1,1.15,4.05
2889,2026-05-07,14.55,23.1,1.15,4.05
2890,2026-04-30,30.95,16.91,1.76,4.2
2890,2026-05-04,30.55,16.69,1.73,4.26
2890,2026-05-05,30.65,16.75,1.74,4.24
2890,2026-05-06,31.0,16.94,1.76,4.19
2890,2026-05-07,30.9,16.89,1.75,4.21
2891,2026-04-30,52.3,13.08,2.04,4.78
2891,2026-05-04,52.9,13.23,2.06,4.73
2891,2026-05-05,53.5,13.38,2.08,4.67
2891,2026-05-06,54.7,13.68,2.13,4.57
2891,2026-05-07,56.2,14.05,2.19,4.45
2892,2026-04-30,28.85,15.43,1.42,4.16
2892,2026-05-04,28.25,15.11,1.39,4.25
2892,2026-05-05,28.4,15.19,1.4,4.23
2892,2026-05-06,28.8,15.4,1.42,4.17
2892,2026-05-07,29.15,15.59,1.43,4.12
2897,2026-05-05,10.05,16.75,0.69,5.17
2897,2026-05-06,10.15,16.92,0.7,5.12
2897,2026-05-07,10.1,16.83,0.69,5.15
2901,2026-05-05,24.0,63.16,1.98,1.54
2901,2026-05-06,24.4,64.21,2.01,1.52
2901,2026-05-07,23.6,62.11,1.95,1.57
2903,2026-05-05,22.45,14.39,1.02,5.57
2903,2026-05-06,22.4,14.36,1.01,5.58
2903,2026-05-07,22.25,14.26,1.01,5.62
2904,2026-05-05,16.2,16.53,0.98,4.32
2904,2026-05-06,16.0,16.33,0.97,4.38
2904,2026-05-07,15.9,16.22,0.96,4.4
2905,2026-05-05,13.45,18.68,0.9,2.23
2905,2026-05-06,13.5,18.75,0.9,2.22
2905,2026-05-07,13.5,18.75,0.9,2.22
2906,2026-05-05,12.4,26.38,0.78,4.84
2906,2026-05-06,12.45,26.49,0.78,4.82
2906,2026-05-07,12.5,26.6,0.79,4.8
2908,2026-05-05,20.6,89.57,1.5,2.67
2908,2026-05-06,20.7,90.0,1.51,2.66
2908,2026-05-07,20.8,90.43,1.52,2.64
2910,2026-05-05,21.55,17.52,1.37,4.83
2910,2026-05-06,22.2,18.05,1.41,4.68
2910,2026-05-07,22.85,18.58,1.45,4.55
2911,2026-05-05,5.02,2.33,0.68,
2911,2026-05-06,5.02,2.33,0.68,
2911,2026-05-07,5.09,2.37,0.69,
2912,2026-04-30,224.0,20.78,5.47,4.02
2912,2026-05-04,225.5,20.56,5.04,3.99
2912,2026-05-05,224.0,20.42,5.01,4.02
2912,2026-05-06,227.0,20.69,5.08,3.96
2912,2026-05-07,228.5,20.83,5.11,3.94
2915,2026-05-05,43.25,4.76,0.45,4.39
2915,2026-05-06,43.45,4.79,0.45,4.37
2915,2026-05-07,43.75,4.82,0.45,4.34
2945,2026-05-05,40.9,19.11,1.39,3.67
2945,2026-05-06,41.05,19.18,1.39,3.65
2945,2026-05-07,40.9,19.11,1.39,3.67
3002,2026-05-05,18.55,51.53,1.47,1.78
3002,2026-05-06,18.2,50.56,1.44,1.81
3002,2026-05-07,18.1,50.28,1.44,1.82
3003,2026-05-05,55.5,56.06,1.33,1.8
3003,2026-05-06,56.0,56.57,1.34,1.79
3003,2026-05-07,55.7,56.26,1.34,1.8
3004,2026-05-05,125.5,23.5,2.22,2.03
3004,2026-05-06,121.5,22.75,2.15,2.1
3004,2026-05-07,120.0,22.47,2.12,2.13
3005,2026-05-05,98.2,11.69,2.34,6.91
3005,2026-05-06,97.5,11.61,2.33,6.96
3005,2026-05-07,99.1,11.8,2.36,6.85
3006,2026-05-05,182.0,21.64,3.97,0.55
3006,2026-05-06,200.0,23.78,4.36,0.5
3006,2026-05-07,196.5,23.37,4.28,0.51
3008,2026-04-30,2515.0,15.7,1.78,3.18
3008,2026-05-04,2575.0,16.07,1.82,3.11
3008,2026-05-05,2545.0,15.89,1.8,3.14
3008,2026-05-06,2520.0,15.73,1.79,3.17
3008,2026-05-07,2575.0,16.07,1.82,3.11
3010,2026-05-05,136.5,15.44,1.48,3.88
3010,2026-05-06,136.0,15.38,1.48,3.9
3010,2026-05-07,132.0,14.93,1.43,4.02
3013,2026-05-05,108.5,26.92,4.28,0.74
3013,2026-05-06,107.5,23.57,4.01,0.74
3013,2026-05-07,105.0,23.03,3.91,0.76
3014,2026-05-05,131.0,14.19,3.08,6.49
3014,2026-05-06,132.5,14.36,3.12,6.42
3014,2026-05-07,131.5,14.25,3.09,6.46
3015,2026-05-05,51.6,25.42,0.82,4.26
3015,2026-05-06,50.8,25.02,0.81,4.33
3015,2026-05-07,51.3,25.27,0.81,4.29
3016,2026-05-05,108.0,1542.86,6.31,0.46
3016,2026-05-06,114.5,1635.71,6.69,0.44
3016,2026-05-07,118.5,1692.86,6.92,0.42
3017,2026-05-05,2705.0,55.29,23.78,0.78
3017,2026-05-06,2435.0,49.78,21.41,0.86
3017,2026-05-07,2415.0,49.37,21.23,0.87
3019,2026-05-05,143.0,20.85,2.8,3.22
3019,2026-05-06,143.0,20.85,2.8,3.22
3019,2026-05-07,143.0,20.85,2.8,3.22
3021,2026-05-05,16.2,49.09,0.96,3.7
3021,2026-05-06,16.45,49.85,0.98,3.65
3021,2026-05-07,16.25,49.24,0.97,3.69
3022,2026-05-05,75.0,16.2,1.18,4.67
3022,2026-05-06,74.0,15.98,1.17,4.73
3022,2026-05-07,75.3,16.26,1.19,4.65
3023,2026-05-05,289.0,22.63,3.96,3.46
3023,2026-05-06,305.5,23.92,4.19,3.27
3023,2026-05-07,310.0,24.28,4.25,3.23
3024,2026-05-05,13.8,49.29,1.28,1.59
3024,2026-05-06,13.85,49.46,1.28,1.59
3024,2026-05-07,14.6,52.14,1.35,1.51
3025,2026-05-05,62.9,18.23,4.03,5.09
3025,2026-05-06,64.9,18.81,4.15,4.93
3025,2026-05-07,63.5,18.41,4.07,5.04
3026,2026-05-05,248.5,37.77,4.06,2.33
3026,2026-05-06,273.0,35.18,4.67,2.12
3026,2026-05-07,300.0,38.66,5.14,1.93
3028,2026-05-05,69.6,22.1,2.62,4.31
3028,2026-05-06,76.5,24.29,2.88,3.92
3028,2026-05-07,76.0,24.13,2.86,3.95
3029,2026-05-05,102.0,15.64,2.96,5.39
3029,2026-05-06,101.5,15.57,2.95,5.42
3029,2026-05-07,100.0,14.71,3.29,5.5
3030,2026-05-05,414.0,39.47,10.18,1.69
3030,2026-05-06,413.0,39.37,10.16,1.69
3030,2026-05-07,417.5,36.15,9.43,1.68
3031,2026-05-05,31.4,28.81,1.86,3.18
3031,2026-05-06,30.5,27.98,1.81,3.28
3031,2026-05-07,30.55,28.03,1.81,3.27
3033,2026-05-05,38.55,21.42,1.73,5.4
3033,2026-05-06,42.4,16.12,1.92,4.91
3033,2026-05-07,42.9,16.31,1.94,4.85
3034,2026-04-30,409.0,15.22,3.67,5.62
3034,2026-05-04,415.5,15.46,3.73,5.54
3034,2026-05-05,420.0,17.21,3.55,5.48
3034,2026-05-06,441.5,18.09,3.74,5.21
3034,2026-05-07,453.0,18.57,3.83,5.08
3035,2026-05-05,177.0,62.99,3.53,1.02
3035,2026-05-06,181.5,64.59,3.62,0.99
3035,2026-05-07,181.0,64.41,3.61,0.99
3036,2026-05-05,209.0,21.59,2.49,3.73
3036,2026-05-06,214.0,22.11,2.55,3.64
3036,2026-05-07,219.0,22.62,2.6,3.56
3037,2026-04-30,883.0,129.85,12.37,0.23
3037,2026-05-04,911.0,133.97,12.76,0.22
3037,2026-05-05,903.0,132.79,12.65,0.22
3037,2026-05-06,858.0,126.18,12.02,0.23
3037,2026-05-07,896.0,131.76,12.55,0.22
3038,2026-05-05,23.25,20.95,1.32,5.16
3038,2026-05-06,23.2,20.9,1.32,5.17
3038,2026-05-07,23.3,20.99,1.33,5.15
3040,2026-05-05,43.2,139.35,1.84,8.1
3040,2026-05-06,42.8,138.06,1.82,8.18
3040,2026-05-07,42.35,136.61,1.8,8.26
3042,2026-05-05,165.5,31.17,3.53,2.9
3042,2026-05-06,150.5,28.34,3.21,3.19
3042,2026-05-07,163.0,30.7,3.48,2.94
3044,2026-05-05,484.5,24.91,4.71,2.62
3044,2026-05-06,488.0,25.09,4.74,2.6
3044,2026-05-07,500.0,25.71,4.86,2.54
3045,2026-04-30,111.5,23.38,3.92,4.3
3045,2026-05-04,110.5,23.17,3.88,4.34
3045,2026-05-05,110.5,23.17,3.88,4.34
3045,2026-05-06,110.0,23.06,3.86,4.36
3045,2026-05-07,110.0,23.06,3.86,4.36
3046,2026-05-05,49.25,12.28,2.32,6.09
3046,2026-05-06,49.65,12.38,2.34,6.04
3046,2026-05-07,49.65,12.38,2.34,6.04
3048,2026-05-05,39.7,19.75,1.92,2.52
3048,2026-05-06,41.2,20.5,1.99,2.43
3048,2026-05-07,42.1,20.95,2.03,2.38
3050,2026-05-05,12.35,308.75,0.78,2.02
3050,2026-05-06,12.15,303.75,0.77,2.06
3050,2026-05-07,12.5,312.5,0.79,2.0
3051,2026-05-05,29.85,29.26,1.99,1.68
3051,2026-05-06,27.3,26.76,1.82,1.83
3051,2026-05-07,27.15,26.62,1.81,1.84
3052,2026-05-05,11.0,10.0,0.64,5.45
3052,2026-05-06,10.75,9.77,0.62,5.58
3052,2026-05-07,10.75,9.77,0.62,5.58
3054,2026-05-05,67.1,19.79,4.03,1.19
3054,2026-05-06,73.8,21.77,4.44,1.08
3054,2026-05-07,75.5,22.27,4.54,1.06
3056,2026-05-05,13.5,12.62,0.74,4.52
3056,2026-05-06,13.2,12.34,0.72,4.62
3056,2026-05-07,13.55,12.66,0.74,4.5
3059,2026-05-05,40.2,32.68,1.24,2.49
3059,2026-05-06,40.1,32.6,1.23,2.49
3059,2026-05-07,40.3,32.76,1.24,2.48
3062,2026-05-05,26.6,39.12,2.03,
3062,2026-05-06,26.15,38.46,1.99,
3062,2026-05-07,26.55,39.04,2.02,
3090,2026-05-05,109.5,25.11,2.28,4.38
3090,2026-05-06,105.5,24.2,2.2,4.55
3090,2026-05-07,116.0,24.17,1.89,4.14
3094,2026-05-05,27.6,115.0,2.24,0.91
3094,2026-05-06,30.35,126.46,2.46,0.82
3094,2026-05-07,33.35,138.96,2.7,0.75
3130,2026-05-05,221.0,15.02,4.28,6.65
3130,2026-05-06,221.0,15.02,4.28,6.65
3130,2026-05-07,221.0,15.02,4.28,6.65
3135,2026-05-05,163.0,28.2,5.92,2.88
3135,2026-05-06,172.5,29.84,6.27,2.72
3135,2026-05-07,169.5,29.33,6.16,2.77
3138,2026-05-05,160.0,104.58,3.86,1.04
3138,2026-05-06,154.5,100.98,3.72,1.08
3138,2026-05-07,155.0,101.31,3.74,1.08
3164,2026-05-05,17.7,26.82,1.14,4.52
3164,2026-05-06,17.6,26.67,1.14,4.55
3164,2026-05-07,17.5,26.52,1.13,4.57
3167,2026-05-05,770.0,95.06,19.91,0.52
3167,2026-05-06,795.0,98.15,20.56,0.5
3167,2026-05-07,755.0,93.21,19.52,0.53
3168,2026-05-05,45.8,17.22,1.94,6.55
3168,2026-05-06,45.8,17.09,2.14,6.55
3168,2026-05-07,44.6,16.64,2.08,6.73
3189,2026-05-05,527.0,151.0,7.35,0.33
3189,2026-05-06,482.5,138.25,6.73,0.36
3189,2026-05-07,492.5,141.12,6.87,0.36
3209,2026-05-05,54.1,17.97,2.41,4.62
3209,2026-05-06,55.9,18.57,2.49,4.47
3209,2026-05-07,54.7,18.17,2.43,4.57
3231,2026-04-30,137.0,15.89,2.45,4.01
3231,2026-05-04,140.5,16.3,2.52,3.91
3231,2026-05-05,142.0,16.47,2.54,3.87
3231,2026-05-06,146.5,17.0,2.62,3.75
3231,2026-05-07,146.0,16.94,2.61,3.77
3257,2026-05-05,55.5,16.23,2.51,5.05
3257,2026-05-06,54.7,15.99,2.47,5.12
3257,2026-05-07,54.1,15.82,2.44,5.18
3266,2026-05-05,13.5,23.28,0.75,3.7
3266,2026-05-06,13.65,23.53,0.76,3.66
3266,2026-05-07,13.5,21.09,0.74,3.7
3296,2026-05-05,19.8,32.46,1.52,
3296,2026-05-06,20.2,33.11,1.55,
3296,2026-05-07,22.2,36.39,1.71,
3305,2026-05-05,111.0,37.0,2.73,2.07
3305,2026-05-06,116.0,38.67,2.85,1.98
3305,2026-05-07,118.5,39.5,2.91,1.94
3308,2026-05-05,20.9,30.74,1.12,
3308,2026-05-06,20.85,30.66,1.12,
3308,2026-05-07,21.35,31.4,1.14,
3311,2026-05-05,30.75,19.84,0.83,1.95
3311,2026-05-06,30.55,19.71,0.82,1.96
3311,2026-05-07,31.55,20.35,0.85,1.9
3312,2026-05-05,42.05,26.61,1.96,3.09
3312,2026-05-06,41.65,26.36,1.95,3.12
3312,2026-05-07,42.45,26.87,1.98,3.06
3338,2026-05-05,74.0,41.11,3.24,1.76
3338,2026-05-06,74.9,41.61,3.28,1.74
3338,2026-05-07,73.3,50.21,3.12,1.77
3346,2026-05-05,17.15,155.91,0.58,0.64
3346,2026-05-06,17.0,154.55,0.57,0.65
3346,2026-05-07,17.2,156.36,0.58,0.64
3356,2026-05-05,57.2,9.21,1.84,6.12
3356,2026-05-06,55.1,8.87,1.77,6.35
3356,2026-05-07,56.1,9.03,1.81,6.24
3376,2026-05-05,205.5,126.07,2.34,2.92
3376,2026-05-06,205.0,125.77,2.33,2.93
3376,2026-05-07,215.0,131.9,2.45,2.79
3406,2026-05-05,520.0,15.83,2.21,3.27
3406,2026-05-06,515.0,15.68,2.19,3.3
3406,2026-05-07,513.0,15.62,2.18,3.31
3413,2026-05-05,324.5,15.27,2.16,3.38
3413,2026-05-06,318.0,14.96,2.11,3.45
3413,2026-05-07,309.0,14.54,2.05,3.55
3416,2026-05-05,157.5,21.58,3.91,3.24
3416,2026-05-06,161.0,22.05,3.99,3.17
3416,2026-05-07,171.5,23.49,4.25,2.97
3443,2026-05-05,4835.0,145.46,44.43,0.41
3443,2026-05-06,4955.0,149.07,45.53,0.4
3443,2026-05-07,5450.0,163.96,50.08,0.37
3447,2026-05-05,39.0,24.53,2.34,2.82
3447,2026-05-06,38.4,24.15,2.3,2.86
3447,2026-05-07,39.2,24.65,2.35,2.81
3450,2026-05-05,365.0,72.85,10.5,0.27
3450,2026-05-06,343.5,68.56,9.88,0.29
3450,2026-05-07,377.5,112.35,10.54,0.26
3481,2026-05-05,27.25,908.33,0.98,3.67
3481,2026-05-06,28.1,936.67,1.01,3.56
3481,2026-05-07,29.75,991.67,1.07,3.36
3501,2026-05-05,47.4,15.8,0.81,4.22
3501,2026-05-06,47.4,15.8,0.81,4.22
3501,2026-05-07,47.95,15.98,0.82,4.17
3515,2026-05-05,237.5,15.54,2.45,4.63
3515,2026-05-06,244.0,15.39,2.67,4.51
3515,2026-05-07,246.5,15.55,2.7,4.46
3528,2026-05-05,82.9,36.04,2.86,1.66
3528,2026-05-06,84.3,36.65,2.91,1.64
3528,2026-05-07,88.5,38.48,3.06,1.56
3530,2026-05-05,67.1,38.56,2.12,1.19
3530,2026-05-06,70.5,34.73,2.19,1.13
3530,2026-05-07,67.5,33.25,2.1,1.19
3532,2026-05-05,228.0,144.3,3.58,0.44
3532,2026-05-06,250.5,158.54,3.93,0.4
3532,2026-05-07,263.0,166.46,4.13,0.38
3533,2026-05-05,2490.0,35.43,7.25,1.41
3533,2026-05-06,2735.0,38.92,7.96,1.28
3533,2026-05-07,2850.0,40.56,8.3,1.23
3557,2026-05-05,30.3,3030.0,1.03,0.99
3557,2026-05-06,30.1,3010.0,1.02,1.0
3557,2026-05-07,30.05,3005.0,1.02,1.0
3563,2026-05-05,869.0,55.49,10.67,1.61
3563,2026-05-06,835.0,53.32,10.25,1.68
3563,2026-05-07,816.0,52.11,10.02,1.72
3583,2026-05-05,794.0,57.45,10.53,0.76
3583,2026-05-06,803.0,58.1,10.65,0.75
3583,2026-05-07,797.0,57.67,10.57,0.75
3588,2026-05-05,62.5,127.55,2.21,0.8
3588,2026-05-06,61.0,124.49,2.16,0.82
3588,2026-05-07,61.7,125.92,2.18,0.81
3592,2026-05-05,241.0,13.21,1.59,6.06
3592,2026-05-06,235.5,14.72,1.66,6.2
3592,2026-05-07,242.5,15.16,1.71,6.02
3596,2026-05-05,165.0,13.1,2.15,5.45
3596,2026-05-06,169.0,13.41,2.2,5.33
3596,2026-05-07,167.5,13.24,2.35,5.37
3605,2026-05-05,91.2,22.57,1.88,1.84
3605,2026-05-06,87.7,21.71,1.81,1.92
3605,2026-05-07,87.2,21.58,1.8,1.93
3607,2026-05-05,14.3,715.0,1.0,5.59
3607,2026-05-06,14.35,717.5,1.0,5.57
3607,2026-05-07,14.65,732.5,1.02,5.46
3617,2026-05-05,192.5,13.3,1.89,5.19
3617,2026-05-06,197.5,13.65,1.94,5.06
3617,2026-05-07,195.0,13.48,1.91,5.13
3622,2026-05-05,56.1,9.21,1.09,5.7
3622,2026-05-06,55.6,9.13,1.08,5.76
3622,2026-05-07,57.1,9.38,1.11,5.6
3645,2026-05-05,101.0,66.01,4.19,1.19
3645,2026-05-06,98.3,64.25,4.08,1.22
3645,2026-05-07,97.0,63.4,4.02,1.24
3652,2026-05-05,30.25,22.57,1.17,3.97
3652,2026-05-06,29.8,22.24,1.16,4.03
3652,2026-05-07,29.95,22.35,1.16,4.01
3653,2026-05-05,4780.0,132.93,30.71,0.46
3653,2026-05-06,4305.0,119.72,27.66,0.51
3653,2026-05-07,3875.0,107.76,24.9,0.57
3661,2026-05-05,4150.0,60.26,8.27,0.83
3661,2026-05-06,4565.0,66.28,9.09,0.75
3661,2026-05-07,4795.0,69.62,9.55,0.72
3665,2026-05-05,2875.0,62.26,12.02,0.52
3665,2026-05-06,2745.0,59.44,11.48,0.55
3665,2026-05-07,2780.0,60.2,11.62,0.54
3669,2026-05-05,42.7,37.79,1.2,2.34
3669,2026-05-06,40.2,35.58,1.13,2.49
3669,2026-05-07,39.6,35.04,1.11,2.53
3673,2026-05-05,62.5,23.06,0.65,2.88
3673,2026-05-06,59.5,21.96,0.61,3.03
3673,2026-05-07,60.5,22.32,0.63,2.98
3679,2026-05-05,120.0,14.13,1.61,7.5
3679,2026-05-06,119.5,14.08,1.6,7.53
3679,2026-05-07,119.5,14.08,1.6,7.53
3694,2026-05-05,62.0,15.62,2.62,3.71
3694,2026-05-06,60.6,15.26,2.56,3.8
3694,2026-05-07,61.9,15.59,2.62,3.72
3702,2026-05-05,102.5,17.03,2.08,3.12
3702,2026-05-06,104.0,17.28,2.11,3.08
3702,2026-05-07,103.5,17.19,2.1,3.09
3703,2026-05-05,20.45,11.36,0.6,5.13
3703,2026-05-06,20.55,11.42,0.61,5.11
3703,2026-05-07,20.9,11.61,0.62,5.02
3704,2026-05-05,35.0,30.43,1.21,1.14
3704,2026-05-06,35.1,30.52,1.21,1.14
3704,2026-05-07,35.4,30.78,1.22,1.13
3705,2026-05-05,55.0,16.62,1.8,5.45
3705,2026-05-06,55.6,16.8,1.82,5.4
3705,2026-05-07,55.4,16.74,1.81,5.42
3706,2026-05-05,84.1,16.33,1.63,4.76
3706,2026-05-06,87.8,17.05,1.7,4.56
3706,2026-05-07,87.4,16.97,1.69,4.58
3708,2026-05-05,126.0,3.36,0.84,4.76
3708,2026-05-06,121.0,3.23,0.81,4.96
3708,2026-05-07,120.5,3.22,0.8,4.98
3711,2026-04-30,478.0,51.45,6.03,1.38
3711,2026-05-04,525.0,56.51,6.62,1.26
3711,2026-05-05,520.0,55.97,6.56,1.27
3711,2026-05-06,524.0,56.4,6.61,1.26
3711,2026-05-07,540.0,58.13,6.81,1.22
3715,2026-05-05,196.5,74.43,5.16,0.55
3715,2026-05-06,186.5,70.64,4.9,0.58
3715,2026-05-07,189.0,71.59,4.96,0.57
3716,2026-05-05,31.7,15.46,0.61,3.15
3716,2026-05-06,33.45,16.32,0.65,2.99
3716,2026-05-07,34.6,16.88,0.67,2.89
3717,2026-05-05,22.0,275.0,1.42,0.91
3717,2026-05-06,22.9,286.25,1.48,0.87
3717,2026-05-07,24.2,302.5,1.57,0.83
4104,2026-05-05,70.8,15.06,1.32,6.07
4104,2026-05-06,70.6,15.02,1.32,6.09
4104,2026-05-07,70.6,15.02,1.32,6.09
4106,2026-05-05,22.1,18.42,0.88,4.52
4106,2026-05-06,22.25,18.54,0.89,4.49
4106,2026-05-07,22.2,18.5,0.89,4.5
4119,2026-05-05,47.1,52.33,1.04,1.59
4119,2026-05-06,47.1,52.33,1.04,1.59
4119,2026-05-07,47.3,59.13,1.04,1.59
4137,2026-05-05,106.0,14.87,1.66,9.43
4137,2026-05-06,106.5,14.94,1.66,9.39
4137,2026-05-07,107.5,15.08,1.68,9.3
4148,2026-05-05,36.0,15.79,0.88,2.78
4148,2026-05-06,36.45,15.99,0.89,2.74
4148,2026-05-07,36.4,15.96,0.89,2.75
4155,2026-05-05,13.2,23.16,0.76,2.27
4155,2026-05-06,13.2,23.16,0.76,2.27
4155,2026-05-07,13.2,23.16,0.76,2.27
4164,2026-05-05,29.55,31.11,0.76,3.72
4164,2026-05-06,29.2,30.74,0.75,3.77
4164,2026-05-07,29.4,28.27,0.77,3.74
4169,2026-05-05,160.0,500.0,8.95,0.23
4169,2026-05-06,155.0,484.38,8.67,0.23
4169,2026-05-07,153.0,478.13,8.56,0.24
4306,2026-05-05,13.15,50.58,0.67,5.32
4306,2026-05-06,13.1,50.38,0.67,5.34
4306,2026-05-07,13.15,50.58,0.67,5.32
4414,2026-05-05,10.2,15.94,0.63,1.08
4414,2026-05-06,9.99,15.61,0.61,1.1
4414,2026-05-07,9.97,15.58,0.61,1.1
4438,2026-05-05,57.5,20.25,0.76,4.0
4438,2026-05-06,57.0,20.07,0.76,4.04
4438,2026-05-07,61.0,21.48,0.81,3.77
4439,2026-05-05,98.0,12.69,1.11,4.08
4439,2026-05-06,99.4,12.88,1.13,4.02
4439,2026-05-07,98.9,12.81,1.12,4.04
4440,2026-05-05,17.7,15.53,0.9,5.65
4440,2026-05-06,17.8,15.61,0.91,5.62
4440,2026-05-07,17.7,15.53,0.9,5.65
4441,2026-05-05,192.5,14.13,1.89,5.61
4441,2026-05-06,194.0,14.24,1.9,5.57
4441,2026-05-07,197.5,14.5,1.94,5.47
4526,2026-05-05,40.3,22.14,2.12,2.48
4526,2026-05-06,37.0,20.33,1.95,2.7
4526,2026-05-07,36.2,19.89,1.9,2.76
4532,2026-05-05,22.95,10.98,1.07,6.54
4532,2026-05-06,22.85,10.93,1.07,6.56
4532,2026-05-07,22.95,12.54,1.09,6.54
4536,2026-05-05,151.0,10.12,1.46,5.3
4536,2026-05-06,151.0,10.12,1.46,5.3
4536,2026-05-07,151.0,10.12,1.46,5.3
4545,2026-05-05,30.65,180.29,1.24,0.42
4551,2026-05-05,142.5,23.59,1.83,2.95
4551,2026-05-06,135.0,22.35,1.74,3.11
4551,2026-05-07,135.0,22.35,1.74,3.11
4552,2026-05-05,19.95,9.64,0.37,3.01
4552,2026-05-06,20.1,9.71,0.38,2.99
4552,2026-05-07,20.15,9.73,0.38,2.98
4555,2026-05-05,42.2,211.0,1.03,1.18
4555,2026-05-06,42.4,212.0,1.04,1.18
4555,2026-05-07,42.0,182.61,1.02,1.19
4560,2026-05-05,35.8,11.85,1.22,4.19
4560,2026-05-06,35.0,11.59,1.19,4.29
4560,2026-05-07,35.65,11.8,1.22,4.21
4566,2026-05-05,70.8,52.06,1.57,0.96
4566,2026-05-06,67.8,49.85,1.5,1.0
4566,2026-05-07,69.0,50.74,1.53,0.99
4569,2026-05-05,178.5,42.91,1.95,1.82
4569,2026-05-06,173.0,41.59,1.89,1.88
4569,2026-05-07,175.5,42.19,1.92,1.85
4571,2026-05-05,199.5,20.8,3.28,2.66
4571,2026-05-06,191.0,19.92,3.14,2.77
4571,2026-05-07,197.5,20.59,3.24,2.68
4572,2026-05-05,149.5,49.83,2.95,3.34
4572,2026-05-06,150.5,56.79,3.23,3.32
4572,2026-05-07,148.0,55.85,3.18,3.38
4576,2026-05-05,236.5,117.66,6.91,0.34
4576,2026-05-06,233.0,115.92,6.8,0.34
4576,2026-05-07,242.0,120.4,7.07,0.33
4581,2026-05-05,49.7,10.51,1.37,6.04
4581,2026-05-06,50.7,10.72,1.4,5.92
4581,2026-05-07,50.8,10.74,1.4,5.91
4583,2026-05-05,765.0,67.11,6.34,1.31
4583,2026-05-06,745.0,65.35,6.17,1.34
4583,2026-05-07,755.0,66.23,6.26,1.32
4585,2026-05-05,342.0,263.08,5.2,0.29
4585,2026-05-06,338.0,260.0,5.14,0.3
4585,2026-05-07,337.5,259.62,5.13,0.3
4588,2026-05-05,61.0,19.06,2.82,4.92
4588,2026-05-06,60.2,18.81,2.79,4.98
4588,2026-05-07,60.3,18.84,2.79,4.98
4590,2026-05-05,79.7,29.41,1.23,2.89
4590,2026-05-06,78.2,28.86,1.21,2.94
4590,2026-05-07,79.0,29.15,1.22,2.91
4720,2026-05-05,26.05,35.2,1.83,1.54
4720,2026-05-06,25.4,34.32,1.79,1.57
4720,2026-05-07,27.9,37.7,1.96,1.43
4722,2026-05-05,187.5,95.18,5.99,0.64
4722,2026-05-06,202.5,102.79,6.47,0.59
4722,2026-05-07,215.0,109.14,6.86,0.56
4736,2026-05-05,125.5,8.3,1.22,3.98
4736,2026-05-06,129.0,8.53,1.26,3.88
4736,2026-05-07,127.5,8.43,1.24,3.92
4739,2026-05-05,91.7,58.78,1.88,1.09
4739,2026-05-06,90.9,58.27,1.86,1.1
4739,2026-05-07,93.1,59.68,1.91,1.07
4746,2026-05-05,56.1,15.29,0.87,5.35
4746,2026-05-06,55.4,15.1,0.86,5.42
4746,2026-05-07,54.8,14.93,0.85,5.47
4755,2026-05-05,148.0,40.0,2.83,2.5
4755,2026-05-06,147.0,39.73,2.81,2.52
4755,2026-05-07,142.5,38.51,2.73,2.6
4763,2026-05-05,43.4,7.11,2.16,7.03
4763,2026-05-06,42.75,7.01,2.12,7.13
4763,2026-05-07,41.95,6.88,2.08,7.27
4764,2026-05-05,311.0,254.92,11.38,0.32
4764,2026-05-06,342.0,280.33,12.51,0.29
4764,2026-05-07,330.0,270.49,12.07,0.3
4766,2026-05-05,362.5,17.9,3.17,4.97
4766,2026-05-06,366.5,18.1,3.2,4.91
4766,2026-05-07,371.0,18.32,3.24,4.85
4770,2026-05-05,232.5,22.79,2.26,2.58
4770,2026-05-06,227.5,22.3,2.21,2.64
4770,2026-05-07,228.5,22.4,2.22,2.63
4771,2026-05-05,185.5,14.65,2.72,3.77
4771,2026-05-06,193.0,15.24,2.83,3.63
4771,2026-05-07,191.5,15.13,2.81,3.66
4904,2026-04-30,94.5,24.8,3.7,4.03
4904,2026-05-04,94.3,24.75,3.69,4.04
4904,2026-05-05,95.8,25.14,3.75,3.98
4904,2026-05-06,95.1,24.96,3.72,4.01
4904,2026-05-07,95.4,25.04,3.74,3.99
4912,2026-05-05,81.7,42.55,1.41,1.14
4912,2026-05-06,83.1,43.28,1.44,1.12
4912,2026-05-07,91.4,47.6,1.58,1.02
4915,2026-05-05,74.3,13.32,1.71,6.15
4915,2026-05-06,74.8,13.41,1.72,6.11
4915,2026-05-07,73.6,13.19,1.69,6.21
4916,2026-05-05,65.1,39.94,2.63,0.77
4916,2026-05-06,63.3,38.83,2.56,0.79
4916,2026-05-07,63.1,38.71,2.55,0.79
4930,2026-05-05,18.15,30.25,0.45,3.31
4930,2026-05-06,18.0,30.0,0.45,3.33
4930,2026-05-07,17.9,29.83,0.45,3.35
4935,2026-05-05,38.05,28.4,0.62,2.63
4935,2026-05-06,37.55,28.02,0.61,2.66
4935,2026-05-07,37.9,28.28,0.61,2.64
4938,2026-05-05,81.5,15.18,1.05,4.91
4938,2026-05-06,83.6,15.57,1.08,4.78
4938,2026-05-07,84.3,15.7,1.09,4.74
4942,2026-05-05,37.9,12.39,0.59,5.28
4942,2026-05-06,37.9,12.39,0.59,5.28
4942,2026-05-07,37.9,12.39,0.59,5.28
4949,2026-05-05,101.5,53.42,4.13,1.38
4949,2026-05-06,96.2,50.63,3.92,1.46
4949,2026-05-07,98.1,51.63,3.99,1.43
4952,2026-05-05,47.3,45.92,2.44,2.11
4952,2026-05-06,47.1,42.43,2.35,2.12
4952,2026-05-07,48.9,44.05,2.44,2.04
4958,2026-05-05,426.5,67.17,3.68,0.81
4958,2026-05-06,412.0,64.88,3.56,0.84
4958,2026-05-07,427.0,67.24,3.69,0.81
4961,2026-05-05,159.0,16.49,1.1,4.86
4961,2026-05-06,156.5,16.23,1.08,4.93
4961,2026-05-07,161.0,19.3,1.09,4.8
4967,2026-05-05,289.0,7.4,3.46,3.46
4967,2026-05-06,298.0,7.63,3.57,3.36
4967,2026-05-07,297.0,7.6,3.56,3.37
4968,2026-05-05,121.0,40.88,3.98,1.32
4968,2026-05-06,117.5,39.7,3.86,1.36
4968,2026-05-07,119.5,40.37,3.93,1.34
4977,2026-05-05,232.0,52.49,4.62,0.97
4977,2026-05-06,223.0,50.45,4.44,1.01
4977,2026-05-07,228.0,51.58,4.54,0.99
4994,2026-05-05,95.7,48.83,6.21,3.13
4994,2026-05-06,98.0,50.0,6.36,3.06
4994,2026-05-07,98.5,50.26,6.4,3.05
5007,2026-05-05,57.9,19.17,2.37,5.18
5007,2026-05-06,58.3,19.3,2.39,5.15
5007,2026-05-07,58.0,19.21,2.38,5.17
5203,2026-05-05,67.2,18.36,1.11,5.36
5203,2026-05-06,65.8,17.98,1.09,5.47
5203,2026-05-07,65.2,17.81,1.08,5.52
5215,2026-05-05,37.6,18.43,0.68,5.32
5215,2026-05-06,37.95,18.6,0.69,5.27
5215,2026-05-07,39.15,19.19,0.71,5.11
5222,2026-05-05,137.5,55.67,5.02,1.82
5222,2026-05-06,134.0,54.25,4.89,1.87
5222,2026-05-07,136.5,55.26,4.99,1.83
5225,2026-05-05,77.7,8.4,1.95,9.28
5225,2026-05-06,76.9,8.31,1.93,9.38
5225,2026-05-07,76.9,8.31,1.93,9.38
5234,2026-05-05,428.5,58.14,12.48,1.52
5234,2026-05-06,413.5,53.7,13.76,1.57
5234,2026-05-07,398.5,51.75,13.26,1.63
5243,2026-05-05,109.0,24.77,2.23,2.02
5243,2026-05-06,104.5,23.75,2.14,2.11
5243,2026-05-07,107.0,24.32,2.19,2.06
5244,2026-05-05,42.5,83.33,1.63,0.94
5244,2026-05-06,40.9,80.2,1.57,0.98
5244,2026-05-07,40.35,79.12,1.54,0.99
5258,2026-05-05,48.75,11.5,1.17,2.05
5258,2026-05-06,48.45,11.43,1.16,2.06
5258,2026-05-07,48.5,11.44,1.16,2.06
5269,2026-05-05,1350.0,18.61,2.79,3.33
5269,2026-05-06,1340.0,18.47,2.77,3.36
5269,2026-05-07,1370.0,18.88,2.83,3.28
5283,2026-05-05,52.4,9.31,0.96,3.82
5283,2026-05-06,53.0,9.41,0.97,3.77
5283,2026-05-07,53.0,9.41,0.97,3.77
5284,2026-05-05,365.5,31.27,5.23,1.37
5284,2026-05-06,356.0,30.45,5.09,1.4
5284,2026-05-07,377.0,32.25,5.39,1.33
5285,2026-05-05,56.1,36.67,1.93,2.67
5285,2026-05-06,55.9,36.54,1.93,2.68
5285,2026-05-07,57.6,37.65,1.98,2.6
5288,2026-05-05,171.0,14.05,1.93,3.8
5288,2026-05-06,156.0,12.97,1.78,4.17
5288,2026-05-07,153.5,12.76,1.75,4.23
5292,2026-05-05,229.5,23.11,5.03,2.83
5292,2026-05-06,231.5,23.31,5.07,2.81
5292,2026-05-07,230.5,23.21,5.05,2.82
5306,2026-05-05,80.7,10.54,1.14,4.65
5306,2026-05-06,80.3,10.48,1.14,4.67
5306,2026-05-07,80.3,10.48,1.14,4.67
5388,2026-05-05,79.2,19.75,1.49,3.16
5388,2026-05-06,78.4,19.55,1.47,3.19
5388,2026-05-07,80.3,20.02,1.51,3.11
5434,2026-05-05,411.5,18.94,3.96,3.28
5434,2026-05-06,425.0,19.56,4.09,3.18
5434,2026-05-07,418.5,19.26,4.03,3.23
5469,2026-05-05,84.7,14.07,1.13,2.98
5469,2026-05-06,83.7,13.9,1.12,3.01
5469,2026-05-07,84.3,14.0,1.13,2.99
5471,2026-05-05,44.45,61.74,2.12,2.25
5471,2026-05-06,43.9,60.97,2.1,2.28
5471,2026-05-07,44.1,61.25,2.11,2.27
5515,2026-05-05,39.5,8.82,1.52,8.35
5515,2026-05-06,39.8,8.88,1.53,8.29
5515,2026-05-07,39.6,8.84,1.52,8.33
5519,2026-05-05,32.55,6.56,1.15,11.67
5519,2026-05-06,32.5,6.55,1.15,11.69
5519,2026-05-07,33.15,6.68,1.17,11.46
5521,2026-05-05,11.7,22.5,1.02,1.28
5521,2026-05-06,12.15,23.37,1.06,1.23
5521,2026-05-07,12.0,23.08,1.05,1.25
5522,2026-05-05,69.1,9.28,1.07,7.96
5522,2026-05-06,69.1,9.28,1.07,7.96
5522,2026-05-07,69.7,9.36,1.08,7.89
5525,2026-05-05,23.1,16.5,1.27,5.19
5525,2026-05-06,23.15,16.54,1.28,5.18
5525,2026-05-07,23.15,16.54,1.28,5.18
5533,2026-05-05,14.15,25.27,0.42,4.24
5533,2026-05-06,14.2,25.36,0.42,4.23
5533,2026-05-07,14.15,25.27,0.42,4.24
5534,2026-05-05,77.6,12.93,1.08,7.09
5534,2026-05-06,77.7,12.95,1.09,7.08
5534,2026-05-07,78.6,13.1,1.1,7.0
5538,2026-05-05,31.4,10.4,0.85,4.78
5538,2026-05-06,31.9,10.56,0.86,4.7
5538,2026-05-07,31.5,10.43,0.85,4.76
5607,2026-05-05,47.6,17.18,1.6,3.78
5607,2026-05-06,47.6,17.18,1.6,3.78
5607,2026-05-07,48.3,14.86,1.57,3.73
5706,2026-05-05,51.2,15.1,2.27,8.79
5706,2026-05-06,51.4,15.16,2.28,8.75
5706,2026-05-07,51.9,15.31,2.31,8.67
5871,2026-04-30,115.5,10.86,1.18,5.19
5871,2026-05-04,115.0,10.81,1.17,5.22
5871,2026-05-05,115.0,10.81,1.17,5.22
5871,2026-05-06,116.0,10.9,1.18,5.17
5871,2026-05-07,114.5,10.76,1.17,5.24
5876,2026-05-05,38.4,12.55,0.91,4.69
5876,2026-05-06,38.4,12.55,0.91,4.69
5876,2026-05-07,38.8,12.68,0.92,4.64
5880,2026-04-30,22.95,16.88,1.29,4.58
5880,2026-05-04,22.9,16.84,1.29,4.59
5880,2026-05-05,22.9,16.84,1.29,4.59
5880,2026-05-06,22.95,16.88,1.29,4.58
5880,2026-05-07,23.0,16.91,1.29,4.57
5906,2026-05-05,49.7,50.71,2.99,1.41
5906,2026-05-06,50.0,51.02,3.01,1.4
5906,2026-05-07,50.0,51.02,3.01,1.4
6005,2026-05-05,29.7,11.25,1.41,5.76
6005,2026-05-06,30.0,11.36,1.43,5.7
6005,2026-05-07,31.15,11.8,1.48,5.49
6024,2026-05-05,57.2,10.73,1.37,6.07
6024,2026-05-06,57.6,10.81,1.38,6.02
6024,2026-05-07,58.2,10.92,1.4,5.96
6112,2026-05-05,47.55,26.13,2.08,3.47
6112,2026-05-06,47.15,25.91,2.06,3.5
6112,2026-05-07,45.2,26.59,2.12,3.65
6115,2026-05-05,47.65,16.72,1.71,5.88
6115,2026-05-06,47.7,16.74,1.71,5.87
6115,2026-05-07,47.8,16.77,1.71,5.86
6117,2026-05-05,88.9,23.77,3.71,2.44
6117,2026-05-06,85.9,22.97,3.59,2.53
6117,2026-05-07,85.3,22.81,3.56,2.54
6133,2026-05-05,22.7,31.53,1.66,4.41
6133,2026-05-06,22.45,31.18,1.64,4.45
6133,2026-05-07,22.45,31.18,1.64,4.45
6136,2026-05-05,24.9,27.98,0.91,4.66
6136,2026-05-06,24.6,27.64,0.89,4.72
6136,2026-05-07,24.85,27.92,0.9,4.67
6139,2026-05-05,691.0,22.76,8.35,3.33
6139,2026-05-06,715.0,23.55,8.64,3.22
6139,2026-05-07,721.0,23.75,8.72,3.19
6155,2026-05-05,48.3,65.27,2.68,1.66
6155,2026-05-06,46.35,62.64,2.57,1.73
6155,2026-05-07,50.9,68.78,2.82,1.57
6164,2026-05-05,13.0,185.71,1.14,3.85
6164,2026-05-06,12.55,179.29,1.1,3.98
6164,2026-05-07,12.65,180.71,1.11,3.95
6165,2026-05-05,52.0,12.59,2.49,9.62
6165,2026-05-06,52.2,12.64,2.5,9.58
6165,2026-05-07,51.4,12.45,2.46,9.73
6166,2026-05-05,78.6,33.45,3.05,1.53
6166,2026-05-06,79.4,33.79,3.08,1.51
6166,2026-05-07,86.5,36.81,3.36,1.39
6168,2026-05-05,27.65,553.0,1.88,
6168,2026-05-06,27.2,544.0,1.85,
6168,2026-05-07,26.95,539.0,1.84,
6176,2026-05-05,102.5,10.94,1.31,3.41
6176,2026-05-06,102.5,10.94,1.31,3.41
6176,2026-05-07,102.0,10.89,1.3,3.43
6177,2026-05-05,45.4,11.92,1.95,6.61
6177,2026-05-06,45.55,11.96,1.96,6.59
6177,2026-05-07,45.95,12.06,1.97,6.53
6183,2026-05-05,91.8,23.54,4.87,3.87
6183,2026-05-06,92.0,23.59,4.88,3.86
6183,2026-05-07,91.8,22.67,4.59,3.87
6184,2026-05-05,46.75,18.48,1.45,6.42
6184,2026-05-06,46.95,18.56,1.45,6.39
6184,2026-05-07,46.9,18.54,1.45,6.4
6189,2026-05-05,49.35,18.08,2.1,5.47
6189,2026-05-06,48.8,17.88,2.07,5.53
6189,2026-05-07,48.35,17.71,2.05,5.58
6191,2026-05-05,100.0,15.85,1.9,2.6
6191,2026-05-06,99.5,15.5,1.79,2.61
6191,2026-05-07,100.0,15.58,1.8,2.6
6192,2026-05-05,122.0,12.13,1.56,4.75
6192,2026-05-06,120.5,11.98,1.54,4.81
6192,2026-05-07,121.5,12.08,1.55,4.77
6196,2026-05-05,374.0,25.27,5.09,1.74
6196,2026-05-06,395.5,26.72,5.38,1.64
6196,2026-05-07,393.0,26.55,5.35,1.65
6197,2026-05-05,243.5,28.09,5.92,2.87
6197,2026-05-06,234.5,22.88,6.27,2.99
6197,2026-05-07,231.5,22.59,6.19,3.02
6201,2026-05-05,50.4,15.32,1.72,6.15
6201,2026-05-06,50.6,15.38,1.73,6.13
6201,2026-05-07,50.5,15.35,1.73,6.14
6202,2026-05-05,57.2,86.67,3.27,1.19
6202,2026-05-06,56.9,86.21,3.25,1.2
6202,2026-05-07,57.5,87.12,3.28,1.18
6205,2026-05-05,98.2,48.86,3.05,1.53
6205,2026-05-06,94.1,46.82,2.92,1.59
6205,2026-05-07,90.7,53.99,2.89,1.65
6206,2026-05-05,110.5,16.01,3.05,4.98
6206,2026-05-06,110.5,16.01,3.05,4.98
6206,2026-05-07,117.0,16.96,3.23,4.7
6209,2026-05-05,68.7,74.67,3.82,0.73
6209,2026-05-06,68.2,74.13,3.79,0.73
6209,2026-05-07,72.2,78.48,4.02,0.69
6213,2026-05-05,284.0,69.44,4.89,1.06
6213,2026-05-06,285.0,69.68,4.91,1.05
6213,2026-05-07,299.5,73.23,5.16,1.0
6214,2026-05-05,125.0,15.84,1.87,4.8
6214,2026-05-06,125.5,15.91,1.87,4.78
6214,2026-05-07,125.0,15.84,1.87,4.8
6215,2026-05-05,116.0,55.77,5.98,0.86
6215,2026-05-06,112.0,53.85,5.77,0.89
6215,2026-05-07,112.5,54.09,5.8,0.89
6216,2026-05-05,24.05,400.83,1.42,4.28
6216,2026-05-06,23.55,392.5,1.39,4.37
6216,2026-05-07,23.45,390.83,1.39,4.39
6224,2026-05-05,80.3,119.85,3.11,1.56
6224,2026-05-06,88.3,131.79,3.42,1.42
6224,2026-05-07,87.0,129.85,3.37,1.44
6235,2026-05-05,43.1,14.86,1.73,2.78
6235,2026-05-06,42.8,14.76,1.71,2.8
6235,2026-05-07,43.4,14.97,1.74,2.76
6239,2026-05-05,227.5,30.37,2.99,1.98
6239,2026-05-06,234.5,31.31,3.08,1.92
6239,2026-05-07,230.5,30.77,3.03,1.95
6257,2026-05-05,197.0,31.93,4.33,2.13
6257,2026-05-06,203.5,30.42,4.51,2.06
6257,2026-05-07,213.0,31.84,4.72,1.97
6271,2026-05-05,177.5,26.34,1.4,1.69
6271,2026-05-06,179.5,26.63,1.42,1.67
6271,2026-05-07,180.0,26.71,1.42,1.67
6272,2026-05-05,32.4,10.59,1.35,6.17
6272,2026-05-06,31.9,10.42,1.33,6.27
6272,2026-05-07,31.95,10.44,1.33,6.26
6277,2026-05-05,71.1,23.08,1.76,4.92
6277,2026-05-06,71.3,23.15,1.76,4.91
6277,2026-05-07,71.5,23.21,1.77,4.9
6278,2026-05-05,185.0,21.12,2.4,2.97
6278,2026-05-06,166.5,19.01,2.16,3.3
6278,2026-05-07,183.0,20.89,2.38,3.01
6281,2026-05-05,49.15,13.28,1.69,6.71
6281,2026-05-06,48.85,13.2,1.68,6.76
6281,2026-05-07,50.0,13.4,1.85,6.6
6282,2026-05-05,49.8,276.67,1.89,1.61
6282,2026-05-06,50.1,278.33,1.9,1.6
6282,2026-05-07,50.7,281.67,1.92,1.58
6285,2026-05-05,233.0,36.81,3.29,1.85
6285,2026-05-06,233.0,36.81,3.29,1.85
6285,2026-05-07,256.0,37.76,3.54,1.68
6409,2026-05-05,784.0,19.53,7.2,4.72
6409,2026-05-06,798.0,19.88,7.33,4.64
6409,2026-05-07,790.0,19.68,7.25,4.68
6412,2026-05-05,90.4,17.38,2.5,4.09
6412,2026-05-06,87.2,16.77,2.41,4.24
6412,2026-05-07,87.1,16.75,2.41,4.25
6414,2026-05-05,345.0,15.66,1.82,4.06
6414,2026-05-06,348.5,15.82,1.83,4.02
6414,2026-05-07,351.5,15.96,1.85,3.98
6415,2026-05-05,436.0,68.23,4.53,0.58
6415,2026-05-06,424.0,66.35,4.41,0.6
6415,2026-05-07,424.5,66.43,4.41,0.6
6416,2026-05-05,87.3,20.3,1.78,3.21
6416,2026-05-06,85.6,19.91,1.75,3.27
6416,2026-05-07,84.6,19.67,1.73,3.31
6438,2026-05-05,181.0,35.01,2.77,2.76
6438,2026-05-06,179.0,34.62,2.74,2.79
6438,2026-05-07,174.0,33.66,2.66,2.87
6442,2026-05-05,2060.0,90.15,23.44,0.57
6442,2026-05-06,2060.0,90.15,23.44,0.57
6442,2026-05-07,2095.0,91.68,23.83,0.56
6446,2026-05-05,647.0,47.61,7.51,0.4
6446,2026-05-06,655.0,48.2,7.6,0.4
6446,2026-05-07,659.0,48.49,7.65,0.39
6449,2026-05-05,172.0,24.12,3.26,2.44
6449,2026-05-06,171.0,23.98,3.24,2.46
6449,2026-05-07,179.0,25.11,3.39,2.35
6451,2026-05-05,521.0,2003.85,8.47,0.07
6451,2026-05-06,477.5,1836.54,7.77,0.08
6451,2026-05-07,490.0,1884.62,7.97,0.07
6464,2026-05-05,76.3,18.17,1.21,2.27
6464,2026-05-06,76.4,18.19,1.21,2.26
6464,2026-05-07,76.2,18.14,1.21,2.27
6472,2026-05-05,407.5,17.38,3.37,2.45
6472,2026-05-06,409.5,17.47,3.39,2.44
6472,2026-05-07,414.0,17.66,3.42,2.42
6477,2026-05-05,35.15,1757.5,1.36,1.0
6477,2026-05-06,34.6,1730.0,1.34,1.01
6477,2026-05-07,36.8,1840.0,1.43,0.95
6491,2026-05-05,278.5,13.34,1.87,3.59
6491,2026-05-06,281.5,13.49,1.89,3.55
6491,2026-05-07,284.0,13.61,1.9,3.52
6505,2026-04-30,56.4,54.23,1.51,2.13
6505,2026-05-04,54.0,51.92,1.45,2.22
6505,2026-05-05,55.4,53.27,1.48,2.17
6505,2026-05-06,54.8,52.69,1.47,2.19
6505,2026-05-07,52.3,18.75,1.33,2.29
6515,2026-05-05,10055.0,216.61,56.23,0.5
6515,2026-05-06,10130.0,218.22,56.65,0.49
6515,2026-05-07,9860.0,212.41,55.14,0.51
6525,2026-05-05,102.5,16.89,3.02,4.88
6525,2026-05-06,103.0,16.97,3.03,4.85
6525,2026-05-07,109.5,18.04,3.22,4.57
6526,2026-05-05,596.0,34.41,5.16,2.27
6526,2026-05-06,655.0,37.82,5.67,2.06
6526,2026-05-07,720.0,41.57,6.23,1.88
6531,2026-05-05,935.0,120.96,12.43,0.75
6531,2026-05-06,965.0,124.84,12.83,0.73
6531,2026-05-07,925.0,119.66,12.29,0.76
6534,2026-05-05,92.9,20.6,3.56,5.17
6534,2026-05-06,94.4,20.93,3.61,5.08
6534,2026-05-07,96.8,21.46,3.7,4.96
6573,2026-05-05,13.0,10.57,1.69,
6573,2026-05-06,12.6,10.24,1.63,
6573,2026-05-07,12.7,10.33,1.65,
6579,2026-05-05,136.5,32.73,2.32,2.75
6579,2026-05-06,134.5,32.25,2.29,2.79
6579,2026-05-07,133.5,32.01,2.27,2.81
6581,2026-05-05,108.0,17.5,2.68,4.91
6581,2026-05-06,109.5,17.75,2.72,4.84
6581,2026-05-07,109.5,18.07,3.03,4.84
6585,2026-05-05,84.8,15.06,1.57,5.31
6585,2026-05-06,84.8,17.31,1.65,5.31
6585,2026-05-07,88.3,18.02,1.72,5.1
6591,2026-05-05,57.8,11.33,1.06,6.92
6591,2026-05-06,57.1,11.2,1.05,7.01
6591,2026-05-07,58.2,11.41,1.07,6.87
6592,2026-05-05,61.4,13.15,1.15,5.37
6592,2026-05-06,61.4,13.15,1.15,5.37
6592,2026-05-07,62.4,13.36,1.17,5.29
6605,2026-05-05,129.5,9.27,1.08,5.02
6605,2026-05-06,126.0,9.02,1.05,5.16
6605,2026-05-07,130.0,9.31,1.08,5.0
6606,2026-05-05,24.15,22.16,1.64,4.27
6606,2026-05-06,24.25,22.25,1.65,4.25
6606,2026-05-07,25.15,23.07,1.71,4.1
6614,2026-05-05,41.6,21.89,2.08,3.97
6614,2026-05-06,41.7,21.95,2.09,3.96
6614,2026-05-07,41.35,21.76,2.07,3.99
6625,2026-05-05,73.3,8.32,2.25,6.82
6625,2026-05-06,74.1,8.41,2.27,6.75
6625,2026-05-07,74.1,8.41,2.27,6.75
6641,2026-05-05,18.15,39.46,0.45,2.2
6641,2026-05-06,19.95,43.37,0.5,2.01
6641,2026-05-07,19.1,41.52,0.48,2.09
6655,2026-05-05,138.0,35.2,4.28,8.7
6655,2026-05-06,137.5,35.08,4.26,8.73
6655,2026-05-07,138.0,35.2,4.28,8.7
6658,2026-05-05,157.0,115.44,4.34,0.76
6658,2026-05-06,155.5,114.34,4.3,0.77
6658,2026-05-07,163.0,119.85,4.51,0.74
6666,2026-05-05,40.1,16.57,1.12,4.99
6666,2026-05-06,41.1,16.98,1.14,4.87
6666,2026-05-07,41.35,17.09,1.15,4.84
6669,2026-04-30,4675.0,17.0,6.97,3.53
6669,2026-05-04,4860.0,17.67,7.25,3.4
6669,2026-05-05,4755.0,17.29,7.09,3.47
6669,2026-05-06,4970.0,18.07,7.41,3.32
6669,2026-05-07,4880.0,17.74,7.28,3.38
6670,2026-05-05,257.0,11.48,2.3,6.23
6670,2026-05-06,257.5,11.5,2.31,6.21
6670,2026-05-07,258.5,11.55,2.32,6.19
6671,2026-05-05,29.9,12.62,1.03,4.01
6671,2026-05-06,29.8,12.57,1.03,4.03
6671,2026-05-07,30.05,12.68,1.03,3.99
6672,2026-05-05,220.5,45.46,4.41,1.52
6672,2026-05-06,214.5,44.23,4.29,1.56
6672,2026-05-07,226.0,46.6,4.52,1.48
6689,2026-05-05,70.8,30.65,1.62,2.82
6689,2026-05-06,70.7,30.61,1.62,2.83
6689,2026-05-07,70.7,30.61,1.62,2.83
6691,2026-05-05,639.0,25.82,10.15,3.44
6691,2026-05-06,677.0,27.35,10.75,3.25
6691,2026-05-07,671.0,27.11,10.66,3.28
6715,2026-05-05,444.0,246.67,8.51,0.45
6715,2026-05-06,435.0,241.67,8.34,0.46
6715,2026-05-07,467.0,259.44,8.95,0.43
6719,2026-05-05,190.0,26.46,1.4,2.42
6719,2026-05-06,188.0,26.18,1.38,2.45
6719,2026-05-07,188.0,26.18,1.38,2.45
6722,2026-05-05,39.5,13.62,1.41,5.06
6722,2026-05-06,40.05,13.81,1.43,4.99
6722,2026-05-07,40.3,13.9,1.44,4.96
6743,2026-05-05,28.85,40.63,1.59,10.4
6743,2026-05-06,29.15,41.06,1.61,10.29
6743,2026-05-07,29.95,42.18,1.65,10.02
6753,2026-05-05,144.5,24.79,3.61,0.87
6753,2026-05-06,140.5,24.1,3.51,0.89
6753,2026-05-07,141.0,24.19,3.52,0.89
6754,2026-05-05,46.15,13.53,1.31,7.58
6754,2026-05-06,45.45,13.33,1.29,7.7
6754,2026-05-07,45.55,13.36,1.29,7.68
6756,2026-05-05,91.7,82.61,2.24,0.98
6756,2026-05-06,88.5,79.73,2.16,1.02
6756,2026-05-07,97.3,87.66,2.37,0.92
6757,2026-05-05,50.3,9.37,3.16,4.81
6757,2026-05-06,50.2,9.35,3.15,4.82
6757,2026-05-07,55.2,10.28,3.47,4.38
6768,2026-05-05,79.7,11.79,1.06,6.47
6768,2026-05-06,79.7,11.79,1.06,6.47
6768,2026-05-07,84.4,12.49,1.12,6.11
6770,2026-05-05,55.4,31.3,2.43,
6770,2026-05-06,58.1,32.82,2.55,
6770,2026-05-07,63.9,36.1,2.81,
6771,2026-05-05,44.0,12.09,1.55,7.27
6771,2026-05-06,44.1,12.12,1.56,7.26
6771,2026-05-07,44.3,12.17,1.56,7.22
6776,2026-05-05,57.5,15.21,1.88,5.22
6776,2026-05-06,58.2,14.48,2.02,5.15
6776,2026-05-07,57.8,14.38,2.0,5.19
6781,2026-05-05,1120.0,29.32,5.69,1.71
6781,2026-05-06,1140.0,29.84,5.8,1.68
6781,2026-05-07,1155.0,30.24,5.87,1.65
6782,2026-05-05,223.0,15.84,3.18,3.77
6782,2026-05-06,226.0,15.25,3.38,3.72
6782,2026-05-07,203.5,13.73,3.04,4.13
6789,2026-05-05,604.0,151.0,10.44,0.5
6789,2026-05-06,560.0,140.0,9.68,0.54
6789,2026-05-07,581.0,124.95,9.77,0.52
6790,2026-05-05,39.95,13.18,1.85,6.63
6790,2026-05-06,40.0,13.2,1.85,6.63
6790,2026-05-07,39.9,13.0,1.75,6.64
6792,2026-05-05,57.6,25.83,1.77,4.34
6792,2026-05-06,57.9,25.96,1.78,4.32
6792,2026-05-07,58.7,26.32,1.81,4.26
6796,2026-05-05,70.3,351.5,3.61,0.36
6796,2026-05-06,68.6,343.0,3.52,0.36
6796,2026-05-07,69.7,348.5,3.58,0.36
6799,2026-05-05,91.5,25.21,2.5,2.73
6799,2026-05-06,88.5,24.38,2.41,2.82
6799,2026-05-07,88.9,24.49,2.42,2.81
6805,2026-05-05,1995.0,64.35,19.01,0.63
6805,2026-05-06,1880.0,60.65,17.92,0.66
6805,2026-05-07,1920.0,61.94,18.3,0.65
6807,2026-05-05,36.5,7.78,0.76,6.85
6807,2026-05-06,36.2,7.72,0.75,6.91
6807,2026-05-07,36.1,7.7,0.75,6.93
6831,2026-05-05,520.0,116.85,12.46,0.58
6831,2026-05-06,561.0,126.07,13.44,0.53
6831,2026-05-07,559.0,125.62,13.39,0.54
6834,2026-05-05,38.65,77.3,2.38,1.03
6834,2026-05-06,39.8,79.6,2.46,1.01
6834,2026-05-07,43.75,87.5,2.7,0.91
6835,2026-05-05,37.6,38.76,1.33,2.66
6835,2026-05-06,37.5,38.66,1.33,2.67
6835,2026-05-07,37.5,38.66,1.33,2.67
6861,2026-05-05,396.5,103.52,11.33,0.5
6861,2026-05-06,376.0,98.17,10.74,0.53
6861,2026-05-07,405.0,105.74,11.57,0.49
6862,2026-05-05,174.5,21.05,2.92,2.87
6862,2026-05-06,167.5,20.21,2.81,2.99
6862,2026-05-07,184.0,22.2,3.08,2.72
6863,2026-05-05,103.5,34.5,1.3,1.45
6863,2026-05-06,101.0,33.67,1.27,1.49
6863,2026-05-07,101.5,33.83,1.28,1.48
6873,2026-05-05,90.6,25.67,1.24,2.76
6873,2026-05-06,89.1,25.24,1.22,2.81
6873,2026-05-07,93.8,26.57,1.28,2.67
6887,2026-05-05,38.7,8.62,0.98,6.25
6887,2026-05-06,39.0,8.69,0.98,6.21
6887,2026-05-07,39.95,8.9,1.01,6.06
6890,2026-05-05,158.0,12.14,1.63,5.7
6890,2026-05-06,155.0,11.9,1.6,5.81
6890,2026-05-07,154.5,15.28,1.56,5.83
6902,2026-05-05,102.5,67.43,5.18,
6902,2026-05-06,105.0,69.08,5.31,
6902,2026-05-07,102.5,67.43,5.18,
6906,2026-05-05,62.2,32.74,2.75,2.89
6906,2026-05-06,60.9,32.05,2.7,2.96
6906,2026-05-07,61.6,32.42,2.73,2.92
6908,2026-05-05,40.95,23.53,1.2,3.03
6908,2026-05-06,40.55,23.3,1.19,3.06
6908,2026-05-07,40.4,23.22,1.19,3.07
6909,2026-05-05,58.8,61.25,3.68,1.7
6909,2026-05-06,57.7,60.1,3.62,1.73
6909,2026-05-07,59.5,61.98,3.73,1.68
6914,2026-05-05,146.5,15.26,2.63,5.46
6914,2026-05-06,145.0,15.1,2.6,5.52
6914,2026-05-07,146.5,15.26,2.63,5.46
6918,2026-05-05,73.6,14.84,1.99,6.79
6918,2026-05-06,73.5,14.82,1.99,6.8
6918,2026-05-07,74.2,14.96,2.01,6.74
6921,2026-05-05,91.1,267.94,10.07,
6921,2026-05-06,91.5,269.12,10.11,
6921,2026-05-07,92.6,272.35,10.23,
6923,2026-05-05,85.8,28.22,3.02,3.5
6923,2026-05-06,82.7,27.2,2.91,3.63
6923,2026-05-07,83.2,27.37,2.93,3.61
6924,2026-05-05,91.8,15.99,3.29,5.45
6924,2026-05-06,93.9,16.36,3.37,5.32
6924,2026-05-07,94.0,16.38,3.37,5.32
6931,2026-05-05,44.5,32.01,2.57,1.08
6931,2026-05-06,43.2,31.08,2.5,1.11
6931,2026-05-07,43.7,31.44,2.53,1.1
6933,2026-05-05,172.0,34.19,3.18,1.45
6933,2026-05-06,170.0,33.8,3.14,1.47
6933,2026-05-07,170.5,33.9,3.15,1.47
6936,2026-05-05,34.75,19.63,1.87,4.35
6936,2026-05-06,34.65,19.58,1.87,4.36
6936,2026-05-07,34.1,19.27,1.84,4.43
6937,2026-05-05,337.0,111.96,6.59,0.42
6937,2026-05-06,319.0,105.98,6.23,0.44
6937,2026-05-07,320.0,106.31,6.25,0.44
6944,2026-05-05,945.0,30.56,9.03,2.12
6944,2026-05-06,953.0,30.82,9.11,2.1
6944,2026-05-07,985.0,31.86,9.41,2.03
6951,2026-05-05,80.5,14.0,3.58,6.58
6951,2026-05-06,80.7,14.03,3.59,6.57
6951,2026-05-07,81.1,14.1,3.61,6.54
6952,2026-05-07,37.8,49.09,1.76,5.29
6955,2026-05-05,162.5,39.35,6.28,1.85
6955,2026-05-06,160.0,38.74,6.19,1.88
6955,2026-05-07,161.0,38.98,6.23,1.86
6957,2026-05-05,160.0,15.64,3.32,5.63
6957,2026-05-06,162.0,15.84,3.36,5.56
6957,2026-05-07,162.0,15.84,3.36,5.56
6962,2026-05-05,35.45,12.8,0.87,2.82
6962,2026-05-06,35.0,12.64,0.86,2.86
6962,2026-05-07,36.75,25.17,0.89,2.72
6965,2026-05-05,85.6,24.96,1.11,5.84
6965,2026-05-06,86.8,25.31,1.13,5.76
6965,2026-05-07,85.9,25.04,1.11,5.82
6994,2026-05-05,64.3,10.29,1.82,4.67
6994,2026-05-06,64.0,10.24,1.81,4.69
6994,2026-05-07,65.4,10.46,1.85,4.59
7610,2026-05-05,729.0,146.68,22.2,0.34
7610,2026-05-06,690.0,138.83,21.01,0.36
7610,2026-05-07,759.0,152.72,23.11,0.33
7631,2026-05-05,127.0,20.22,3.04,2.94
7631,2026-05-06,127.5,20.3,3.05,2.93
7631,2026-05-07,128.0,20.38,3.07,2.92
7705,2026-05-05,32.4,16.88,1.38,4.94
7705,2026-05-06,32.55,16.95,1.39,4.92
7705,2026-05-07,32.4,16.88,1.38,4.94
7711,2026-05-05,419.5,37.46,6.33,2.15
7711,2026-05-06,428.5,38.26,6.47,2.1
7711,2026-05-07,471.0,42.05,7.11,1.91
7721,2026-05-05,77.2,148.46,3.3,1.3
7721,2026-05-06,74.9,144.04,3.2,1.34
7721,2026-05-07,73.8,141.92,3.16,1.36
7722,2026-05-05,278.5,37.33,1.75,0.72
7722,2026-05-06,281.0,37.67,1.77,0.71
7722,2026-05-07,282.0,37.8,1.78,0.71
7730,2026-05-05,167.0,101.83,6.19,0.9
7730,2026-05-06,166.5,101.52,6.17,0.9
7730,2026-05-07,169.5,103.35,6.28,0.88
7732,2026-05-05,35.7,20.28,1.24,4.2
7732,2026-05-06,35.85,20.37,1.25,4.18
7732,2026-05-07,35.9,20.4,1.25,4.18
7736,2026-05-05,72.6,14.67,1.51,5.23
7736,2026-05-06,73.5,14.85,1.53,5.17
7736,2026-05-07,76.7,15.49,1.6,4.95
7740,2026-05-05,180.0,37.74,7.57,1.85
7740,2026-05-06,175.0,36.69,7.36,1.9
7740,2026-05-07,168.5,35.32,7.09,1.98
7749,2026-05-05,515.0,46.27,6.39,1.75
7749,2026-05-06,515.0,46.27,6.39,1.75
7749,2026-05-07,505.0,45.37,6.27,1.78
7750,2026-05-05,2670.0,83.91,16.84,0.6
7750,2026-05-06,2595.0,81.55,16.37,0.62
7750,2026-05-07,2605.0,81.87,16.43,0.61
7760,2026-05-05,35.0,59.32,1.05,6.29
7760,2026-05-06,33.8,57.29,1.01,6.51
7760,2026-05-07,34.4,58.31,1.03,6.4
7765,2026-05-05,222.5,20.06,4.12,4.35
7765,2026-05-06,244.0,22.0,4.52,3.96
7765,2026-05-07,243.0,21.91,4.5,3.98
7769,2026-05-05,5600.0,81.5,17.36,1.16
7769,2026-05-06,5705.0,83.03,17.69,1.14
7769,2026-05-07,5835.0,84.92,18.09,1.11
7780,2026-05-05,18.9,45.0,2.81,3.7
7780,2026-05-06,18.6,44.29,2.77,3.76
7780,2026-05-07,18.75,44.64,2.79,3.73
7786,2026-05-05,134.5,13.34,2.4,4.16
7786,2026-05-06,135.0,13.39,2.41,4.15
7786,2026-05-07,137.5,13.64,2.45,4.07
7788,2026-05-05,168.0,49.7,2.26,1.19
7788,2026-05-06,164.0,48.52,2.21,1.22
7788,2026-05-07,171.5,50.74,2.31,1.17
7791,2026-05-05,64.6,12.82,1.42,5.9
7791,2026-05-06,64.9,12.88,1.43,5.87
7791,2026-05-07,64.6,12.82,1.42,5.9
7795,2026-05-05,379.5,122.03,16.91,0.57
7795,2026-05-06,376.0,120.9,16.76,0.57
7795,2026-05-07,380.0,122.19,16.93,0.57
7821,2026-05-05,47.25,15.8,2.38,4.23
7821,2026-05-06,46.65,15.6,2.35,4.29
7821,2026-05-07,46.05,15.4,2.32,4.34
7822,2026-05-05,1410.0,100.71,57.55,0.5
7822,2026-05-06,1330.0,95.0,54.29,0.53
7822,2026-05-07,1300.0,92.86,53.06,0.54
8011,2026-05-05,20.15,15.5,1.03,3.47
8011,2026-05-06,19.8,15.23,1.01,3.54
8011,2026-05-07,19.65,15.12,1.0,3.56
8016,2026-05-05,234.5,15.9,2.27,4.9
8016,2026-05-06,241.5,16.37,2.33,4.76
8016,2026-05-07,265.5,18.0,2.57,4.33
8021,2026-05-05,426.5,155.66,12.57,0.47
8021,2026-05-06,424.0,154.74,12.49,0.47
8021,2026-05-07,425.5,155.29,12.54,0.47
8028,2026-05-05,241.0,55.79,8.27,1.16
8028,2026-05-06,236.5,54.75,8.12,1.18
8028,2026-05-07,229.0,53.01,7.86,1.22
8033,2026-05-05,154.0,270.18,12.48,
8033,2026-05-06,150.5,264.04,12.2,
8033,2026-05-07,151.5,265.79,12.28,
8039,2026-05-05,139.0,58.65,3.46,1.44
8039,2026-05-06,135.5,57.17,3.37,1.48
8039,2026-05-07,136.5,57.59,3.4,1.47
8045,2026-05-05,75.1,117.34,3.55,1.33
8045,2026-05-06,75.5,117.97,3.56,1.32
8045,2026-05-07,72.4,103.43,3.56,1.38
8046,2026-05-05,997.0,331.23,13.97,0.2
8046,2026-05-06,940.0,312.29,13.17,0.21
8046,2026-05-07,947.0,200.64,13.1,0.21
8070,2026-05-05,49.1,48.14,1.93,5.52
8070,2026-05-06,48.85,46.08,1.94,5.55
8070,2026-05-07,48.45,45.71,1.93,5.59
8072,2026-05-05,28.5,25.68,0.99,3.51
8072,2026-05-06,28.35,25.54,0.99,3.53
8072,2026-05-07,28.5,25.68,0.99,3.51
8081,2026-05-05,266.0,14.97,2.8,6.02
8081,2026-05-06,265.0,14.91,2.79,6.04
8081,2026-05-07,257.5,14.49,2.71,6.21
8103,2026-05-05,122.5,27.78,2.48,2.29
8103,2026-05-06,117.0,26.53,2.36,2.39
8103,2026-05-07,121.5,27.55,2.46,2.3
8110,2026-05-05,49.45,20.18,2.07,3.03
8110,2026-05-06,51.9,21.18,2.17,2.89
8110,2026-05-07,51.1,20.86,2.14,2.94
8112,2026-05-05,84.8,17.48,2.45,4.48
8112,2026-05-06,86.8,17.9,2.51,4.38
8112,2026-05-07,86.9,17.92,2.51,4.37
8114,2026-05-05,179.0,9.68,1.87,6.41
8114,2026-05-06,177.5,9.6,1.85,6.46
8114,2026-05-07,180.5,9.76,1.88,6.35
8131,2026-05-05,69.0,50.74,2.49,1.45
8131,2026-05-06,72.8,36.77,2.55,1.37
8131,2026-05-07,70.3,35.51,2.47,1.42
8150,2026-05-05,84.1,118.45,2.45,1.46
8150,2026-05-06,89.2,125.63,2.6,1.38
8150,2026-05-07,98.1,138.17,2.86,1.25
8162,2026-05-05,52.0,33.12,2.41,2.88
8162,2026-05-06,52.8,38.26,2.61,2.84
8162,2026-05-07,56.2,40.72,2.78,2.67
8163,2026-05-05,27.4,53.73,0.75,1.82
8163,2026-05-06,28.3,55.49,0.77,1.77
8163,2026-05-07,28.5,55.88,0.77,1.75
8210,2026-05-05,1265.0,44.54,14.56,1.11
8210,2026-05-06,1325.0,46.65,15.25,1.06
8210,2026-05-07,1290.0,45.42,14.85,1.09
8213,2026-05-05,37.1,16.34,0.62,3.07
8213,2026-05-06,37.0,16.3,0.62,3.08
8213,2026-05-07,37.9,16.7,0.63,3.01
8222,2026-05-05,37.85,68.82,2.88,0.92
8222,2026-05-06,37.1,67.45,2.82,0.94
8222,2026-05-07,37.25,67.73,2.83,0.94
8249,2026-05-05,50.8,15.97,0.9,4.13
8249,2026-05-06,49.9,15.69,0.88,4.21
8249,2026-05-07,50.4,15.85,0.89,4.17
8261,2026-05-05,124.5,21.32,2.42,4.02
8261,2026-05-06,122.0,20.89,2.37,4.1
8261,2026-05-07,128.0,21.92,2.49,3.91
8271,2026-05-05,232.0,11.31,4.71,1.94
8271,2026-05-06,243.0,11.84,4.93,1.85
8271,2026-05-07,248.0,12.09,5.03,1.81
8341,2026-05-05,74.3,15.81,1.89,5.38
8341,2026-05-06,75.3,16.02,1.92,5.31
8341,2026-05-07,75.5,16.06,1.92,5.3
8367,2026-05-05,42.7,11.24,1.14,6.67
8367,2026-05-06,42.05,11.95,1.2,6.78
8367,2026-05-07,41.9,11.9,1.19,6.8
8404,2026-05-05,16.9,11.82,0.99,2.96
8404,2026-05-06,16.85,11.78,0.98,2.97
8404,2026-05-07,17.75,12.41,1.03,2.82
8422,2026-05-05,28.35,22.15,3.82,4.23
8422,2026-05-06,27.85,21.76,3.75,4.31
8422,2026-05-07,28.4,22.19,3.82,4.23
8429,2026-05-05,6.49,54.08,0.19,
8429,2026-05-06,6.48,54.0,0.19,
8429,2026-05-07,6.55,54.58,0.19,
8438,2026-05-05,94.1,44.81,3.43,1.38
8438,2026-05-06,89.4,42.57,3.26,1.45
8438,2026-05-07,90.4,43.05,3.3,1.44
8442,2026-05-05,49.85,12.19,0.93,6.02
8442,2026-05-06,50.0,12.22,0.93,6.0
8442,2026-05-07,50.6,12.37,0.94,5.93
8454,2026-05-05,179.0,15.85,4.89,5.59
8454,2026-05-06,180.5,15.99,4.93,5.54
8454,2026-05-07,189.0,18.03,4.84,5.29
8462,2026-05-05,148.0,17.62,4.97,4.99
8462,2026-05-06,147.5,17.56,4.95,5.0
8462,2026-05-07,147.5,17.56,4.95,5.0
8463,2026-05-05,22.25,12.03,1.35,3.6
8463,2026-05-06,22.4,12.11,1.36,3.57
8463,2026-05-07,22.25,12.03,1.35,3.6
8464,2026-05-05,344.5,15.29,3.36,4.64
8464,2026-05-06,340.0,15.4,3.65,4.71
8464,2026-05-07,327.0,14.81,3.51,4.89
8467,2026-05-05,142.5,13.98,2.48,4.95
8467,2026-05-06,139.5,13.69,2.43,5.06
8467,2026-05-07,131.0,12.86,2.28,5.39
8473,2026-05-05,35.2,13.8,0.93,5.34
8473,2026-05-06,35.15,13.78,0.93,5.35
8473,2026-05-07,35.4,13.88,0.94,5.31
8476,2026-05-05,17.25,32.55,1.54,1.16
8476,2026-05-06,17.2,32.45,1.54,1.16
8476,2026-05-07,17.3,32.64,1.55,1.16
8478,2026-05-05,168.0,12.68,1.74,3.87
8478,2026-05-06,169.5,12.79,1.76,3.83
8478,2026-05-07,168.0,12.68,1.74,3.87
8481,2026-05-05,40.9,12.58,1.56,6.72
8481,2026-05-06,40.9,12.58,1.56,6.72
8481,2026-05-07,41.2,12.68,1.57,6.67
8482,2026-05-05,49.15,21.28,1.68,3.99
8482,2026-05-06,50.1,21.69,1.71,3.91
8482,2026-05-07,50.0,21.65,1.71,3.92
8487,2026-05-05,76.1,18.88,3.01,6.32
8487,2026-05-06,76.6,19.01,3.03,6.28
8487,2026-05-07,78.9,19.58,3.12,6.1
8499,2026-05-05,259.0,25.52,1.3,3.09
8499,2026-05-06,262.0,25.81,1.31,3.05
8499,2026-05-07,288.0,28.37,1.45,2.78
8926,2026-05-05,47.55,19.41,2.2,5.07
8926,2026-05-06,46.7,19.06,2.16,5.16
8926,2026-05-07,46.75,19.08,2.16,5.16
8940,2026-05-05,17.85,32.45,1.58,
8940,2026-05-06,18.3,33.27,1.62,
8940,2026-05-07,18.4,33.45,1.63,
8996,2026-05-05,1190.0,131.93,26.23,0.38
8996,2026-05-06,1165.0,129.16,25.68,0.39
8996,2026-05-07,1075.0,119.18,23.69,0.42
9802,2026-05-05,80.9,13.39,1.18,6.3
9802,2026-05-06,79.9,13.23,1.17,6.38
9802,2026-05-07,81.0,13.41,1.18,6.3
9904,2026-05-05,25.6,6.24,0.54,5.08
9904,2026-05-06,25.6,6.24,0.54,5.08
9904,2026-05-07,25.95,6.33,0.54,5.01
9905,2026-05-05,21.4,16.46,0.8,5.14
9905,2026-05-06,21.45,16.5,0.8,5.13
9905,2026-05-07,21.2,16.31,0.79,5.19
9906,2026-05-05,37.5,416.67,2.52,0.21
9906,2026-05-06,37.6,417.78,2.53,0.21
9906,2026-05-07,37.1,412.22,2.49,0.22
9907,2026-05-05,17.6,12.94,1.3,6.7
9907,2026-05-06,17.3,15.59,1.23,6.82
9907,2026-05-07,17.25,15.54,1.22,6.84
9908,2026-05-05,29.55,17.18,1.05,4.06
9908,2026-05-06,29.5,17.15,1.05,4.07
9908,2026-05-07,29.45,17.12,1.04,4.07
9910,2026-05-05,69.3,13.59,2.65,5.92
9910,2026-05-06,68.8,13.49,2.63,5.96
9910,2026-05-07,70.1,13.75,2.68,5.85
9911,2026-05-05,82.8,13.27,2.63,6.04
9911,2026-05-06,83.3,13.35,2.65,6.0
9911,2026-05-07,83.6,13.4,2.66,5.98
9914,2026-05-05,58.2,14.51,0.9,4.81
9914,2026-05-06,56.4,14.06,0.87,4.96
9914,2026-05-07,56.1,13.99,0.86,4.99
9917,2026-05-05,112.5,16.62,3.66,5.51
9917,2026-05-06,113.5,16.77,3.7,5.46
9917,2026-05-07,113.5,16.77,3.7,5.46
9918,2026-05-05,43.6,27.08,2.34,3.44
9918,2026-05-06,43.6,27.08,2.34,3.44
9918,2026-05-07,43.6,27.08,2.34,3.44
9921,2026-05-05,69.3,37.66,0.8,2.6
9921,2026-05-06,68.8,37.39,0.79,2.62
9921,2026-05-07,67.8,36.85,0.78,2.65
9924,2026-05-05,43.6,12.32,0.93,5.73
9924,2026-05-06,43.3,12.23,0.93,5.77
9924,2026-05-07,43.4,12.26,0.93,5.76
9925,2026-05-05,40.3,17.0,1.19,4.96
9925,2026-05-06,40.35,17.03,1.19,4.96
9925,2026-05-07,40.4,17.05,1.19,4.95
9926,2026-05-05,49.4,18.43,2.1,4.25
9926,2026-05-06,49.45,18.45,2.1,4.25
9926,2026-05-07,49.45,18.45,2.1,4.25
9927,2026-05-05,68.3,12.56,1.46,7.32
9927,2026-05-06,68.5,12.59,1.46,7.3
9927,2026-05-07,68.5,12.59,1.46,7.3
9930,2026-05-05,69.8,14.07,2.63,5.73
9930,2026-05-06,70.0,14.11,2.64,5.71
9930,2026-05-07,70.1,14.82,2.52,5.71
9931,2026-05-05,34.9,14.24,1.27,5.16
9931,2026-05-06,34.35,14.02,1.25,5.24
9931,2026-05-07,34.5,14.08,1.26,5.22
9933,2026-05-05,36.5,19.31,1.61,2.74
9933,2026-05-06,36.8,19.47,1.62,2.72
9933,2026-05-07,37.3,19.74,1.64,2.68
9935,2026-05-05,18.1,10.97,1.2,6.63
9935,2026-05-06,18.05,10.94,1.2,6.65
9935,2026-05-07,18.15,11.0,1.21,6.61
9937,2026-05-05,56.5,23.94,3.0,3.89
9937,2026-05-06,56.8,24.07,3.01,3.87
9937,2026-05-07,56.8,24.07,3.01,3.87
9938,2026-05-05,45.35,11.06,1.01,6.62
9938,2026-05-06,45.6,11.12,1.02,6.58
9938,2026-05-07,45.6,11.12,1.02,6.58
9939,2026-05-05,111.5,12.25,1.64,5.56
9939,2026-05-06,111.0,12.2,1.64,5.59
9939,2026-05-07,110.5,12.14,1.63,5.61
9940,2026-05-05,19.75,70.54,1.13,3.04
9940,2026-05-06,19.75,70.54,1.13,3.04
9940,2026-05-07,19.75,70.54,1.13,3.04
9941,2026-05-05,75.7,10.99,1.26,6.05
9941,2026-05-06,75.8,11.0,1.26,6.04
9941,2026-05-07,76.2,11.06,1.27,6.01
9942,2026-05-05,119.0,14.58,2.31,5.88
9942,2026-05-06,119.5,14.64,2.32,5.86
9942,2026-05-07,120.0,14.71,2.33,5.83
9943,2026-05-05,56.2,15.4,1.79,6.23
9943,2026-05-06,57.2,15.67,1.82,6.12
9943,2026-05-07,56.7,15.75,1.95,6.17
9945,2026-05-05,23.35,6.18,0.65,4.71
9945,2026-05-06,23.45,6.2,0.66,4.69
9945,2026-05-07,23.6,6.24,0.66,4.66
9946,2026-05-05,15.65,10.3,0.75,8.75
9946,2026-05-06,15.65,10.3,0.75,8.75
9946,2026-05-07,15.85,10.43,0.76,8.64
9955,2026-05-05,29.65,54.91,2.51,
9955,2026-05-06,29.6,54.81,2.5,
9955,2026-05-07,30.15,55.83,2.55,
9958,2026-05-05,101.5,15.19,2.26,4.43
9958,2026-05-06,101.5,15.19,2.26,4.43
9958,2026-05-07,105.5,15.79,2.34,4.27
