stock_id,period_type,period,revenue,revenue_yoy,eps,roe
1102,quarterly,2025-Q4,,,2.829959514170041,5.587044534412955
1103,quarterly,2025-Q4,,,0.8401768793430197,3.0322173089071383
1104,quarterly,2025-Q4,,,2.558876811594203,7.246376811594203
1108,quarterly,2025-Q4,,,2.1791044776119404,15.37313432835821
1109,quarterly,2025-Q4,,,1.0301003344481605,4.214046822742475
1110,quarterly,2025-Q4,,,0.35996173164314754,2.176512795981822
1201,quarterly,2025-Q4,,,0.39993523316062174,2.655440414507772
1203,quarterly,2025-Q4,,,1.8100890207715135,6.740144128868164
1210,quarterly,2025-Q4,,,4.330578512396694,13.636363636363635
1215,quarterly,2025-Q4,,,10.390567428150332,24.613117170228442
1216,quarterly,2025-Q4,,,3.449825262106839,14.428357463804293
1217,quarterly,2025-Q4,,,0.4199395770392749,2.6758739749676304
1218,quarterly,2025-Q4,,,1.5905245346869712,6.006768189509305
1219,quarterly,2025-Q4,,,0.44998327199732346,3.3456005352960854
1220,quarterly,2025-Q4,,,0.07999740899080192,0.6024096385542169
1225,quarterly,2025-Q4,,,1.620182555780933,10.040567951318458
1227,quarterly,2025-Q4,,,1.330254041570439,6.51270207852194
1229,quarterly,2025-Q4,,,2.569487337862878,8.029647930821495
1231,quarterly,2025-Q4,,,3.810563072893933,15.670013094718463
1232,quarterly,2026-Q1,,,2.33,22.033898305084744
1233,quarterly,2025-Q4,,,0.75006488450558,5.009083830781209
1234,quarterly,2025-Q4,,,1.9994295493439815,4.278379920136908
1256,quarterly,2025-Q4,,,10.693454309786132,9.65651328580687
1303,quarterly,2025-Q4,,,0.5700078830877449,1.2734218664726216
1307,quarterly,2025-Q4,,,2.85,11.272727272727272
1315,quarterly,2025-Q4,,,1.5499626214801894,1.4702217792175427
1319,quarterly,2025-Q4,,,6.430976430976431,13.552188552188552
1323,quarterly,2025-Q4,,,0.26001313197636244,0.9192383453709781
1339,quarterly,2025-Q4,,,2.4103942652329753,4.4205495818399045
1340,quarterly,2026-Q1,,,-0.3,
1341,quarterly,2025-Q4,,,3.7095790115924343,15.192190359975596
1342,quarterly,2026-Q1,,,2.08,22.17252396166134
1402,quarterly,2025-Q4,,,1.4602272727272725,3.4090909090909083
1409,quarterly,2025-Q4,,,1.2000000000000002,4.631578947368421
1410,quarterly,2025-Q4,,,0.5900367496937525,3.4708044099632502
1413,quarterly,2025-Q4,,,0.4500471253534402,5.230914231856739
1414,quarterly,2025-Q4,,,0.20998719590268886,1.4340588988476315
1416,quarterly,2025-Q4,,,0.8101356174161313,3.4261241970021414
1417,quarterly,2025-Q4,,,0.6199442119944213,5.020920502092051
1419,quarterly,2025-Q4,,,4.1107491856677525,7.035830618892508
1423,quarterly,2025-Q4,,,4.362272240085745,11.89710610932476
1432,quarterly,2025-Q4,,,6.039426523297491,39.06810035842294
1434,quarterly,2025-Q4,,,0.5100735529261272,2.0147105852254557
1436,quarterly,2025-Q4,,,5.0100401606425695,14.959839357429718
1437,quarterly,2025-Q4,,,2.4196207749381697,5.935696619950535
1438,quarterly,2025-Q4,,,1.7400332225913622,6.146179401993355
1442,quarterly,2025-Q4,,,3.029782359679267,13.860252004581902
1443,quarterly,2025-Q4,,,1.1301715438950555,6.659939455095863
1446,quarterly,2025-Q4,,,1.6197916666666667,8.020833333333334
1449,quarterly,2025-Q4,,,0.10999917293854934,0.6202960879993383
1451,quarterly,2025-Q4,,,1.7604166666666665,4.6875
1453,quarterly,2025-Q4,,,0.04,0.3137931034482759
1456,quarterly,2025-Q4,,,3.406735751295337,16.580310880829018
1457,quarterly,2025-Q4,,,1.1795918367346938,5.142857142857142
1459,quarterly,2025-Q4,,,0.8101694915254237,7.322033898305086
1463,quarterly,2025-Q4,,,0.12999858697188074,0.854882012152042
1464,quarterly,2025-Q4,,,0.3500529848110209,2.8611797951253974
1468,quarterly,2025-Q4,,,0.209996528982992,2.3776466504685874
1470,quarterly,2025-Q4,,,0.7798808271994392,6.589554854539081
1471,quarterly,2025-Q4,,,0.02999973799355464,0.31178766997668145
1472,quarterly,2025-Q4,,,6.401137980085348,14.65149359886202
1473,quarterly,2025-Q4,,,0.5700191833379008,2.1923814743765417
1474,quarterly,2025-Q4,,,0.3400272294077604,2.042205582028591
1475,quarterly,2025-Q4,,,2.7205153617443014,11.595639246778989
1476,quarterly,2025-Q4,,,20.101553166069298,18.637992831541222
1477,quarterly,2026-Q1,,,4.35,26.263952724885094
1503,quarterly,2025-Q4,,,6.269791006966435,8.993033565547815
1504,quarterly,2025-Q4,,,2.2400261608894705,5.722694571615436
1506,quarterly,2025-Q4,,,0.06,0.6457142857142857
1512,quarterly,2025-Q4,,,0.18998183233843757,2.854918245522969
1513,quarterly,2025-Q4,,,8.071278825995808,19.28721174004193
1514,quarterly,2025-Q4,,,3.3003300330033003,14.108910891089108
1515,quarterly,2025-Q4,,,0.9700176366843034,4.453262786596119
1516,quarterly,2025-Q4,,,0.05,0.9678899082568807
1519,quarterly,2025-Q4,,,13.99093324996092,41.769579490386114
1521,quarterly,2025-Q4,,,0.8698702209750965,3.5426166257453526
1522,quarterly,2025-Q4,,,1.7504141358365544,5.963556046383214
1524,quarterly,2025-Q4,,,1.9502074688796678,10.719225449515905
1525,quarterly,2025-Q4,,,3.2102564102564104,4.666666666666667
1527,quarterly,2025-Q4,,,1.519721577726218,4.361948955916473
1529,quarterly,2025-Q4,,,1.0097864768683273,8.629893238434164
1532,quarterly,2025-Q4,,,0.9899086977414706,2.7390677558865932
1533,quarterly,2025-Q4,,,0.5799648506151143,2.495606326889279
1535,quarterly,2025-Q4,,,3.998416468725257,12.90577988915281
1537,quarterly,2025-Q4,,,7.947882736156352,14.853420195439737
1539,quarterly,2025-Q4,,,0.21000658327847266,0.8558262014483212
1540,quarterly,2025-Q4,,,1.1099691675231245,6.423432682425488
1541,quarterly,2025-Q4,,,2.3191278493557976,8.622398414271556
1558,quarterly,2025-Q4,,,5.661080074487896,7.076350093109869
1560,quarterly,2025-Q4,,,9.240710823909533,16.704361873990308
1563,quarterly,2025-Q4,,,1.4397905759162304,3.664921465968587
1568,quarterly,2025-Q4,,,1.3598711458812702,7.363092498849517
1582,quarterly,2025-Q4,,,3.450184501845018,6.863468634686347
1587,quarterly,2025-Q4,,,0.3699943598420755,1.8838127467569088
1590,quarterly,2025-Q4,,,41.99475065616798,15.98133566637504
1597,quarterly,2025-Q4,,,0.9099994739887433,3.298090579138393
1603,quarterly,2025-Q4,,,3.260204081632653,6.938775510204083
1604,quarterly,2025-Q4,,,1.7002237136465326,7.158836689038033
1605,quarterly,2025-Q4,,,0.72,1.9333333333333333
1608,quarterly,2025-Q4,,,5.499168053244592,24.29284525790349
1609,quarterly,2025-Q4,,,1.65,7.55
1611,quarterly,2025-Q4,,,0.03000025423944271,0.23135789286349884
1612,quarterly,2025-Q4,,,2.7706283118849355,10.295230885692657
1614,quarterly,2025-Q4,,,0.9700122399020807,4.406364749082007
1615,quarterly,2025-Q4,,,4.810450819672131,21.413934426229506
1616,quarterly,2025-Q4,,,1.5496872828353023,13.273106323835998
1617,quarterly,2025-Q4,,,0.6799637352674525,4.9410698096101555
1618,quarterly,2025-Q4,,,4.208515283842794,12.336244541484714
1623,quarterly,2025-Q4,,,13.618784530386739,27.790055248618785
1702,quarterly,2025-Q4,,,1.1198586118251928,2.313624678663239
1707,quarterly,2025-Q4,,,8.217677136596055,11.760409057706356
1708,quarterly,2025-Q4,,,3.278955954323002,11.092985318107667
1709,quarterly,2025-Q4,,,1.2300531914893618,6.582446808510638
1712,quarterly,2025-Q4,,,2.6007439553626788,12.771233725976444
1713,quarterly,2025-Q4,,,3.8705688375927454,15.333882934872218
1714,quarterly,2025-Q4,,,0.5,4.049676025917927
1717,quarterly,2025-Q4,,,1.4099589505621988,5.97893985364983
1718,quarterly,2025-Q4,,,0.09000414765657404,0.5530208765380894
1720,quarterly,2025-Q4,,,5.191489361702128,15.148936170212766
1722,quarterly,2025-Q4,,,0.9500707499494644,1.718213058419244
1723,quarterly,2026-Q1,,,0.77,7.154213036565977
1725,quarterly,2025-Q4,,,1.5298507462686566,4.17910447761194
1726,quarterly,2025-Q4,,,5.499276410998553,8.5383502170767
1727,quarterly,2025-Q4,,,0.04,0.24450000000000002
1730,quarterly,2025-Q4,,,4.4987146529562985,13.881748071979436
1731,quarterly,2025-Q4,,,1.3596491228070173,8.333333333333332
1732,quarterly,2025-Q4,,,0.6900156821745949,5.8285415577626765
1733,quarterly,2025-Q4,,,1.630247268545141,8.740655549166188
1734,quarterly,2025-Q4,,,1.9195612431444242,10.603290676416819
1735,quarterly,2025-Q4,,,0.7800697269029634,4.997094712376525
1736,quarterly,2025-Q4,,,9.061371841155236,20.000000000000004
1737,quarterly,2025-Q4,,,1.99936628643853,5.893536121673005
1752,quarterly,2025-Q4,,,2.4207492795389047,9.870317002881844
1760,quarterly,2025-Q4,,,2.219633943427621,9.750415973377704
1773,quarterly,2026-Q1,,,2.02,18.347509113001216
1776,quarterly,2025-Q4,,,0.27999999999999997,1.9428571428571426
1783,quarterly,2026-Q1,,,0.59,16.679477325134513
1786,quarterly,2025-Q4,,,2.16988416988417,8.185328185328187
1789,quarterly,2025-Q4,,,0.17000581927009725,1.2802394213982875
1795,quarterly,2025-Q4,,,17.96,19.84
1805,quarterly,2025-Q4,,,0.18999646518204313,1.5729939908094737
1806,quarterly,2025-Q4,,,0.28998242530755713,2.1441124780316345
1808,quarterly,2025-Q4,,,1.4602683178534572,10.165118679050568
1809,quarterly,2025-Q4,,,0.19000122384041124,1.0830987639211849
1810,quarterly,2025-Q4,,,0.05,0.2204301075268817
1817,quarterly,2025-Q4,,,3.6116322701688555,11.632270168855536
1903,quarterly,2025-Q4,,,1.2901121836681453,6.07878945995304
1904,quarterly,2025-Q4,,,0.7398819561551434,2.7824620573355823
1906,quarterly,2025-Q4,,,0.01,0.05398230088495575
1907,quarterly,2025-Q4,,,1.189879759519038,2.655310621242485
2006,quarterly,2026-Q1,,,1.66,14.880952380952381
2008,quarterly,2025-Q4,,,0.6800197823936697,3.4619188921859547
2009,quarterly,2025-Q4,,,0.34000179420471877,1.2559433031308873
2010,quarterly,2025-Q4,,,2.3199251637043967,11.599625818521982
2012,quarterly,2025-Q4,,,0.2,1.4372881355932203
2013,quarterly,2025-Q4,,,3.1906906906906904,11.26126126126126
2014,quarterly,2026-Q1,,,-0.1,
2015,quarterly,2026-Q1,,,0.91,10.92217135382603
2020,quarterly,2025-Q4,,,2.1309872922776147,12.70772238514174
2027,quarterly,2025-Q4,,,2.8404815650865314,8.878856282919488
2028,quarterly,2025-Q4,,,0.28001976610113655,1.9271948608137042
2029,quarterly,2025-Q4,,,0.7400656215822093,2.3696682464454977
2030,quarterly,2025-Q4,,,0.3499777084262149,1.9616584930896124
2031,quarterly,2025-Q4,,,3.299595141700405,8.987854251012147
2031,quarterly,2026-Q1,,,0.22,
2032,quarterly,2025-Q4,,,0.5600145932141554,4.159066034294052
2033,quarterly,2025-Q4,,,0.3500343170899108,2.676733013040494
2034,quarterly,2025-Q4,,,0.20999898795668454,1.1334885133083696
2049,quarterly,2025-Q4,,,4.3098818474758325,4.081632653061225
2059,quarterly,2025-Q4,,,103.24189526184539,35.112219451371566
2062,quarterly,2025-Q4,,,0.38997981280968985,1.0277115066984768
2069,quarterly,2025-Q4,,,1.6200873362445416,6.462882096069869
2072,quarterly,2025-Q4,,,11.93979933110368,10.301003344481607
2101,quarterly,2025-Q4,,,1.1100066269052353,6.394963552021206
2102,quarterly,2025-Q4,,,6.271186440677965,29.830508474576266
2103,quarterly,2025-Q4,,,0.5399835119538334,2.225886232481451
2105,quarterly,2025-Q4,,,1.4997581035316883,5.611998064828253
2106,quarterly,2025-Q4,,,0.13000149857635246,0.636894949797692
2107,quarterly,2025-Q4,,,1.6698656429942418,3.7747920665387067
2108,quarterly,2025-Q4,,,0.8299907435976551,2.838630052452947
2109,quarterly,2025-Q4,,,1.1595394736842104,9.292763157894736
2114,quarterly,2025-Q4,,,5.779092702169625,14.201183431952662
2115,quarterly,2025-Q4,,,1.580547112462006,5.091185410334346
2201,quarterly,2025-Q4,,,0.9198913781398507,1.561439239646979
2204,quarterly,2025-Q4,,,5.3915662650602405,7.831325301204818
2206,quarterly,2025-Q4,,,5.817258883248731,17.15736040609137
2207,quarterly,2025-Q4,,,33.924769339957415,21.930447125621004
2211,quarterly,2025-Q4,,,8.597560975609756,13.153310104529616
2227,quarterly,2025-Q4,,,1.3000494315373208,2.1502718734552646
2228,quarterly,2025-Q4,,,5.240893066980024,8.343125734430082
2233,quarterly,2025-Q4,,,6.70004260758415,10.204516403919897
2243,quarterly,2025-Q4,,,1.2200844673862037,10.511496949788834
2247,quarterly,2025-Q4,,,18.317677198975232,11.52860802732707
2248,quarterly,2025-Q4,,,5.19811320754717,14.90566037735849
2250,quarterly,2025-Q4,,,3.829787234042553,6.612995974698102
2301,quarterly,2026-Q1,,,1.66,17.495029821073558
2302,quarterly,2025-Q4,,,0.4899831040308955,4.513637460777216
2303,quarterly,2026-Q1,,,1.29,12.308429118773946
2305,quarterly,2025-Q4,,,0.2,1.7671641791044777
2308,quarterly,2026-Q1,,,7.91,23.512463985970186
2312,quarterly,2025-Q4,,,1.0399703923019985,6.88378978534419
2313,quarterly,2025-Q4,,,5.5098354074668805,13.729425933360096
2316,quarterly,2025-Q4,,,13.378684807256235,19.27437641723356
2317,quarterly,2025-Q4,,,13.56172140430351,10.702151755379388
2323,quarterly,2025-Q4,,,1.5809379727685324,8.925869894099849
2324,quarterly,2025-Q4,,,1.3801224682053697,4.569006123410268
2327,quarterly,2025-Q4,,,11.490273656445764,13.814704912627764
2328,quarterly,2025-Q4,,,1.5600226500566252,5.436013590033975
2329,quarterly,2026-Q1,,,0.33,12.740213523131674
2330,quarterly,2025-Q4,,,66.23491315866941,31.704445098616425
2331,quarterly,2025-Q4,,,1.4097496706192358,7.312252964426878
2337,quarterly,2026-Q1,,,0.9,
2344,quarterly,2026-Q1,,,2.25,12.99454297407913
2345,quarterly,2025-Q4,,,47.12882508500189,45.78768417075935
2347,quarterly,2025-Q4,,,5.08034610630408,10.568603213844254
2347,quarterly,2026-Q1,,,1.77,
2348,quarterly,2025-Q4,,,5.980066445182724,13.039867109634553
2351,quarterly,2025-Q4,,,1.66007493755204,4.340133222314738
2352,quarterly,2025-Q4,,,0.7200577200577201,3.982683982683982
2353,quarterly,2025-Q4,,,1.2602179836512262,4.995458673932789
2354,quarterly,2025-Q4,,,2.3195876288659796,3.053132434575734
2355,quarterly,2025-Q4,,,1.6,3.6923076923076925
2356,quarterly,2025-Q4,,,2.4201030927835054,11.391752577319588
2357,quarterly,2025-Q4,,,60.02034587995931,16.581892166836216
2359,quarterly,2025-Q4,,,1.2299940723177238,3.6554040703418305
2360,quarterly,2025-Q4,,,27.59940726105211,36.65102494443072
2362,quarterly,2025-Q4,,,2.0599054125065686,2.7325275880189173
2363,quarterly,2025-Q4,,,1.530024677817384,4.304908143679737
2364,quarterly,2025-Q4,,,4.200131665569454,26.201448321263992
2365,quarterly,2025-Q4,,,0.31999653589676974,2.320949164285096
2367,quarterly,2025-Q4,,,0.6899661781285231,3.788049605411499
2368,quarterly,2025-Q4,,,19.010918432883752,28.696210661528582
2373,quarterly,2025-Q4,,,3.8888888888888893,11.65980795610425
2374,quarterly,2025-Q4,,,2.43024302430243,9.81098109810981
2375,quarterly,2025-Q4,,,3.7297969332780774,4.102776626605886
2376,quarterly,2025-Q4,,,18.196614583333336,20.638020833333336
2377,quarterly,2025-Q4,,,6.801705756929637,10.518834399431414
2379,quarterly,2025-Q4,,,28.625134264232006,28.249194414607942
2380,quarterly,2025-Q4,,,0.2,7.763157894736842
2382,quarterly,2025-Q4,,,19.454545454545453,30.787878787878785
2383,quarterly,2026-Q1,,,14.9,34.4541910331384
2385,quarterly,2025-Q4,,,9.052924791086351,14.832869080779943
2387,quarterly,2025-Q4,,,3.4689597315436242,6.291946308724833
2388,quarterly,2025-Q4,,,0.12000060075394621,0.31239205202529174
2393,quarterly,2025-Q4,,,4.599236641221374,10.24173027989822
2395,quarterly,2026-Q1,,,3.85,22.561768530559167
2397,quarterly,2025-Q4,,,2.4904862579281186,8.372093023255815
2399,quarterly,2025-Q4,,,0.15000174015939863,1.2146312602234368
2402,quarterly,2025-Q4,,,2.4502193722578465,10.158623017212284
2404,quarterly,2025-Q4,,,48.08070866141732,48.67125984251969
2408,quarterly,2025-Q4,,,2.1300448430493275,3.869789071582794
2409,quarterly,2025-Q4,,,0.9097859327217126,4.5361875637105
2412,quarterly,2025-Q4,,,4.990825688073395,10.01834862385321
2413,quarterly,2025-Q4,,,0.4099918544664675,2.597520137569011
2414,quarterly,2025-Q4,,,3.1705639614855574,15.887207702888585
2415,quarterly,2025-Q4,,,1.8096514745308312,9.6514745308311
2419,quarterly,2026-Q1,,,0.07,
2420,quarterly,2025-Q4,,,3.909668313338038,15.031757233592094
2421,quarterly,2025-Q4,,,7.947900053163211,24.34875066454014
2423,quarterly,2025-Q4,,,2.920509442248573,14.317083882301274
2427,quarterly,2025-Q4,,,1.5300353356890457,9.18727915194346
2428,quarterly,2025-Q4,,,11.762840837032341,13.506658211794548
2430,quarterly,2025-Q4,,,0.689893066574681,1.8282166264229047
2432,quarterly,2025-Q4,,,1.8995929443690638,9.905020352781547
2433,quarterly,2025-Q4,,,3.049932523616734,13.157894736842104
2434,quarterly,2025-Q4,,,0.02,0.1570552147239264
2436,quarterly,2025-Q4,,,2.8,13.333333333333334
2439,quarterly,2026-Q1,,,1.03,7.366684991753712
2441,quarterly,2026-Q1,,,1.4,10.531544957774468
2442,quarterly,2025-Q4,,,5.153203342618385,22.841225626740947
2449,quarterly,2025-Q4,,,9.009926189870196,21.837617714431154
2450,quarterly,2026-Q1,,,0.25,6.459948320413436
2451,quarterly,2025-Q4,,,12.928277752398355,24.1662859753312
2453,quarterly,2025-Q4,,,3.1200453001132504,13.929784824462063
2454,quarterly,2025-Q4,,,65.97657883730656,26.28607277289837
2455,quarterly,2026-Q1,,,1.06,15.985892388451441
2458,quarterly,2025-Q4,,,8.530661809350335,23.67941712204007
2459,quarterly,2025-Q4,,,5.170278637770898,9.52012383900929
2462,quarterly,2025-Q4,,,0.26999360204734485,1.2412028150991683
2465,quarterly,2025-Q4,,,0.3899952067628219,3.3726959780382586
2466,quarterly,2025-Q4,,,0.2400035229874934,2.074158886735952
2467,quarterly,2025-Q4,,,5.4500334065094975,12.694473608857498
2468,quarterly,2025-Q4,,,1.2500000000000002,6.871345029239767
2471,quarterly,2025-Q4,,,3.6395027624309395,18.232044198895032
2472,quarterly,2025-Q4,,,8.7308939323761,15.794349235757297
2474,quarterly,2025-Q4,,,12.15675057208238,4.977116704805492
2476,quarterly,2026-Q1,,,1.14,10.248681235870386
2477,quarterly,2025-Q4,,,1.680294358135732,6.377759607522486
2478,quarterly,2026-Q1,,,1.14,7.266602502406159
2480,quarterly,2026-Q1,,,2.63,29.86577181208054
2481,quarterly,2025-Q4,,,3.120220250841236,8.137044967880087
2483,quarterly,2025-Q4,,,0.6,2.5128205128205128
2484,quarterly,2026-Q1,,,0.33,2.869565217391304
2486,quarterly,2025-Q4,,,0.2200007166147121,0.9839119997133543
2488,quarterly,2025-Q4,,,4.56,12.977777777777778
2489,quarterly,2025-Q4,,,1.2999437253798538,5.936972425436128
2491,quarterly,2025-Q4,,,1.4303380049464138,12.61335531739489
2492,quarterly,2025-Q4,,,4.739865943185445,4.404723906798595
2493,quarterly,2025-Q4,,,4.3603719140750234,17.02468739980763
2495,quarterly,2025-Q4,,,1.1299511665762343,6.7281606077048295
2496,quarterly,2025-Q4,,,6.107954545454545,13.162878787878785
2497,quarterly,2025-Q4,,,2.4295774647887325,12.191901408450704
2498,quarterly,2025-Q4,,,7.205623901581721,22.6713532513181
2501,quarterly,2025-Q4,,,2.830188679245283,10.691823899371068
2504,quarterly,2025-Q4,,,3.298479087452472,14.353612167300382
2505,quarterly,2025-Q4,,,2.368766404199475,8.267716535433072
2506,quarterly,2025-Q4,,,0.02,0.09382151029748283
2511,quarterly,2025-Q4,,,0.3299874529485571,2.0911752404851525
2514,quarterly,2025-Q4,,,1.8688293370944993,5.218617771509168
2515,quarterly,2025-Q4,,,0.3999387067116151,2.8501379098988657
2516,quarterly,2025-Q4,,,1.2305580969807868,13.540713632204943
2520,quarterly,2025-Q4,,,2.6088929219600727,6.352087114337568
2524,quarterly,2025-Q4,,,1.7198666031443546,3.001429252024774
2527,quarterly,2025-Q4,,,0.9300411522633744,1.426611796982167
2528,quarterly,2025-Q4,,,3.529874213836478,19.339622641509436
2530,quarterly,2025-Q4,,,2.0298507462686564,16.915422885572138
2534,quarterly,2025-Q4,,,2.0604395604395607,6.4835164835164845
2535,quarterly,2026-Q1,,,2.88,21.903669724770637
2536,quarterly,2025-Q4,,,3.1908396946564883,8.396946564885498
2537,quarterly,2025-Q4,,,0.15000731743011855,1.009805356358847
2538,quarterly,2025-Q4,,,0.35,2.7173913043478257
2539,quarterly,2025-Q4,,,3.460537727666956,23.07025151777971
2540,quarterly,2025-Q4,,,0.68,3.906666666666667
2542,quarterly,2025-Q4,,,2.100529100529101,8.412698412698413
2543,quarterly,2025-Q4,,,2.6704888352444174,14.24260712130356
2545,quarterly,2025-Q4,,,1.7897460018814673,4.562558795860771
2546,quarterly,2025-Q4,,,9.5195530726257,20.5586592178771
2547,quarterly,2025-Q4,,,2.800546448087432,20.21857923497268
2548,quarterly,2026-Q1,,,2.28,19.91525423728813
2597,quarterly,2025-Q4,,,10.747004933051445,36.8569415081043
2603,quarterly,2025-Q4,,,31.65905631659056,12.1765601217656
2605,quarterly,2025-Q4,,,1.4499376817615288,4.860822600747819
2606,quarterly,2025-Q4,,,4.310226492793411,9.334248455730954
2607,quarterly,2025-Q4,,,5.418577981651376,9.51834862385321
2608,quarterly,2025-Q4,,,1.9697964543663822,7.353906762967827
2609,quarterly,2025-Q4,,,4.902152641878669,5.28375733855186
2610,quarterly,2025-Q4,,,2.4195710455764075,15.147453083109916
2611,quarterly,2025-Q4,,,0.5199844780752814,3.608847497089639
2612,quarterly,2025-Q4,,,5.460784313725491,7.941176470588237
2613,quarterly,2025-Q4,,,1.1398176291793314,4.761904761904763
2614,quarterly,2025-Q4,,,1.9901960784313728,15.19607843137255
2615,quarterly,2025-Q4,,,11.208151382823871,11.353711790393014
2617,quarterly,2026-Q1,,,0.71,7.570621468926555
2618,quarterly,2025-Q4,,,4.843304843304844,18.94586894586895
2630,quarterly,2025-Q4,,,1.0,5.904572564612327
2633,quarterly,2025-Q4,,,1.1702127659574468,9.042553191489363
2634,quarterly,2026-Q1,,,0.28,4.16
2636,quarterly,2025-Q4,,,7.7371428571428575,10.742857142857142
2637,quarterly,2025-Q4,,,5.270655270655271,8.19088319088319
2645,quarterly,2025-Q4,,,5.46075085324232,15.08532423208191
2646,quarterly,2025-Q4,,,0.08999956310891696,0.8606754336144001
2701,quarterly,2025-Q4,,,0.5599162742019884,3.0350601779173205
2704,quarterly,2026-Q1,,,0.16,2.48713550600343
2705,quarterly,2025-Q4,,,0.870143693453965,3.2996274614156467
2706,quarterly,2025-Q4,,,0.6501305483028721,3.185378590078329
2707,quarterly,2025-Q4,,,11.429534726904922,35.19892110586649
2727,quarterly,2025-Q4,,,16.022487702037946,28.179901616303578
2731,quarterly,2025-Q4,,,17.486338797814206,32.89617486338797
2739,quarterly,2025-Q4,,,2.360163710777626,13.369713506139153
2748,quarterly,2025-Q4,,,2.169562927856767,7.530279094260137
2753,quarterly,2025-Q4,,,12.839771101573676,22.532188841201712
2762,quarterly,2025-Q4,,,3.7397119341563787,14.146090534979425
2801,quarterly,2025-Q4,,,1.5105301379811185,8.061002178649238
2812,quarterly,2025-Q4,,,1.5000000000000002,9.848484848484851
2816,quarterly,2025-Q4,,,4.658914728682171,12.868217054263567
2820,quarterly,2025-Q4,,,1.3404932378679397,6.443914081145586
2832,quarterly,2025-Q4,,,4.9010367577756835,10.461828463713479
2834,quarterly,2025-Q4,,,1.2597503900156004,8.346333853354134
2836,quarterly,2025-Q4,,,0.6798623063683304,4.761904761904762
2838,quarterly,2025-Q4,,,1.3401048492791612,7.142857142857144
2845,quarterly,2025-Q4,,,0.8597603946441156,5.990133897110642
2849,quarterly,2025-Q4,,,0.7900807381776239,4.2675893886966545
2850,quarterly,2025-Q4,,,12.277413308341144,18.744142455482663
2851,quarterly,2025-Q4,,,3.658682634730539,13.532934131736523
2852,quarterly,2025-Q4,,,2.9213483146067416,9.662921348314606
2855,quarterly,2025-Q4,,,3.000767459708366,12.202609363008444
2867,quarterly,2025-Q4,,,0.2,2.9172141918528256
2880,quarterly,2025-Q4,,,1.90046565774156,11.175785797438884
2881,quarterly,2025-Q4,,,7.7478991596638656,12.26890756302521
2882,quarterly,2025-Q4,,,6.609589041095891,11.558219178082194
2883,quarterly,2025-Q4,,,1.6196136701337296,9.212481426448736
2884,quarterly,2025-Q4,,,2.120295698924731,12.567204301075268
2885,quarterly,2025-Q4,,,2.7398615232443126,10.73194856577646
2886,quarterly,2025-Q4,,,2.35968617984309,8.931804465902234
2887,quarterly,2025-Q4,,,1.420011983223487,7.729179149191132
2889,quarterly,2025-Q4,,,0.629887054735013,4.9522154648132055
2890,quarterly,2025-Q4,,,1.8298507462686566,10.388059701492537
2891,quarterly,2025-Q4,,,3.998505231689088,15.54559043348281
2892,quarterly,2025-Q4,,,1.869651086240948,9.216589861751153
2897,quarterly,2025-Q4,,,0.6000000000000001,4.119402985074627
2901,quarterly,2025-Q4,,,0.3799873337555415,3.1348955034832175
2903,quarterly,2025-Q4,,,1.5601111883252257,7.088255733148019
2904,quarterly,2025-Q4,,,0.9800362976406533,5.928614640048396
2905,quarterly,2025-Q4,,,0.7200214132762313,4.817987152034261
2906,quarterly,2025-Q4,,,0.4700530705079606,2.9567854435178167
2908,quarterly,2025-Q4,,,0.22998771910237806,1.6746678575415876
2910,quarterly,2025-Q4,,,1.2300228310502284,7.819634703196349
2911,quarterly,2025-Q4,,,2.15450643776824,29.184549356223176
2912,quarterly,2025-Q4,,,10.779595765158806,26.32338787295476
2912,quarterly,2026-Q1,,,2.97,24.53476983349657
2915,quarterly,2025-Q4,,,9.086134453781513,9.453781512605042
2945,quarterly,2025-Q4,,,2.140240711669283,7.27367870225013
3002,quarterly,2025-Q4,,,0.3599844750630701,2.852707160877159
3003,quarterly,2025-Q4,,,0.9900107028184089,2.372458080627899
3004,quarterly,2026-Q1,,,1.92,9.446808510638299
3005,quarterly,2025-Q4,,,8.400342172797263,20.017108639863128
3006,quarterly,2026-Q1,,,7.22,18.3456561922366
3008,quarterly,2026-Q1,,,46.63,11.32787916928886
3010,quarterly,2025-Q4,,,8.840673575129534,9.585492227979275
3013,quarterly,2025-Q4,,,4.030460624071322,15.898959881129274
3013,quarterly,2026-Q1,,,1.37,
3014,quarterly,2025-Q4,,,9.231853417899929,21.705426356589147
3015,quarterly,2026-Q1,,,0.37,3.225806451612903
3016,quarterly,2025-Q4,,,0.06999987037061042,0.40898072410977016
3017,quarterly,2025-Q4,,,48.92385603183216,43.00958582022066
3019,quarterly,2026-Q1,,,1.05,13.429256594724217
3021,quarterly,2025-Q4,,,0.3300061112242819,1.9555917702179668
3022,quarterly,2025-Q4,,,4.62962962962963,7.28395061728395
3023,quarterly,2026-Q1,,,3.6,17.49889527176315
3024,quarterly,2025-Q4,,,0.27997565429093124,2.5968756340028403
3025,quarterly,2025-Q4,,,3.4503565551289084,22.106417992320353
3026,quarterly,2025-Q4,,,6.579295737357691,10.749271908922424
3028,quarterly,2025-Q4,,,3.1493212669683253,11.855203619909501
3029,quarterly,2025-Q4,,,6.521739130434782,18.925831202046034
3030,quarterly,2025-Q4,,,10.488978971370662,25.791740562452496
3031,quarterly,2025-Q4,,,1.0898993405067685,6.456091634849012
3033,quarterly,2025-Q4,,,1.799719887955182,8.0765639589169
3034,quarterly,2025-Q4,,,26.875808538163,24.1267787839586
3034,quarterly,2026-Q1,,,6.19,20.627542126670537
3035,quarterly,2025-Q4,,,2.809969836481981,5.604064137164629
3036,quarterly,2025-Q4,,,9.68040759610931,11.533117183881426
3037,quarterly,2026-Q1,,,3.28,9.526319752993452
3038,quarterly,2025-Q4,,,1.1097852028639619,6.300715990453461
3040,quarterly,2025-Q4,,,0.31001076426264806,1.320416218155723
3042,quarterly,2025-Q4,,,5.3095925569457805,11.324991979467434
3044,quarterly,2025-Q4,,,19.450020072260138,18.908069048574873
3045,quarterly,2025-Q4,,,4.769097971514889,16.745791972378075
3046,quarterly,2025-Q4,,,4.010586319218241,18.892508143322473
3048,quarterly,2025-Q4,,,2.010126582278481,9.72151898734177
3050,quarterly,2025-Q4,,,0.04,0.25263157894736843
3051,quarterly,2025-Q4,,,1.020164046479836,6.801093643198906
3052,quarterly,2025-Q4,,,1.1,6.4
3054,quarterly,2026-Q1,,,1.41,20.363820111167257
3056,quarterly,2025-Q4,,,1.06973058637084,5.863708399366086
3059,quarterly,2025-Q4,,,1.2301101591187271,3.7943696450428397
3062,quarterly,2025-Q4,,,0.679959100204499,5.1891615541922285
3090,quarterly,2025-Q4,,,4.360812425328555,9.08004778972521
3094,quarterly,2025-Q4,,,0.24000000000000002,1.9478260869565218
3130,quarterly,2025-Q4,,,14.713715046604527,28.495339547270305
3135,quarterly,2025-Q4,,,5.780141843971632,20.992907801418443
3138,quarterly,2025-Q4,,,1.5299292407726144,3.6909542933639323
3164,quarterly,2025-Q4,,,0.6599552572706935,4.25055928411633
3167,quarterly,2025-Q4,,,8.100147275405007,20.944666526404372
3168,quarterly,2025-Q4,,,2.659698025551684,11.265969802555169
3168,quarterly,2026-Q1,,,0.6,
3189,quarterly,2025-Q4,,,3.4900662251655628,4.867549668874172
3209,quarterly,2025-Q4,,,3.010573177518086,13.411240957150808
3231,quarterly,2025-Q4,,,8.621736490588951,15.421979356405588
3257,quarterly,2025-Q4,,,3.419593345656192,15.465187923598272
3266,quarterly,2025-Q4,,,0.5798969072164948,3.221649484536082
3296,quarterly,2025-Q4,,,0.6099815157116452,4.682686383240912
3305,quarterly,2025-Q4,,,3.0,7.378378378378379
3308,quarterly,2025-Q4,,,0.6798959011060507,3.6434612882238135
3311,quarterly,2026-Q1,,,0.5,4.183467741935484
3312,quarterly,2025-Q4,,,1.5802329951146186,7.36565201052236
3321,quarterly,2026-Q1,,,-0.69,
3338,quarterly,2025-Q4,,,1.8000486499635127,7.881294089029433
3346,quarterly,2025-Q4,,,0.109999358604323,0.3720094926560195
3356,quarterly,2025-Q4,,,6.210640608034745,19.97828447339848
3376,quarterly,2025-Q4,,,1.6300467993971604,1.8561116839850875
3380,quarterly,2026-Q1,,,0.1,
3406,quarterly,2025-Q4,,,32.849020846494,13.96083385975995
3413,quarterly,2025-Q4,,,21.250818598559267,14.145383104125738
3416,quarterly,2026-Q1,,,1.8,18.11862835959222
3443,quarterly,2026-Q1,,,12.28,30.544479582015676
3447,quarterly,2025-Q4,,,1.5898899306971055,9.539339584182633
3450,quarterly,2025-Q4,,,5.010295126973233,14.41317776252574
3481,quarterly,2025-Q4,,,0.030000110092147127,0.1078903041846025
3501,quarterly,2025-Q4,,,2.9999999999999996,5.1265822784810124
3504,quarterly,2026-Q1,,,0.05,
3515,quarterly,2025-Q4,,,15.283140283140284,15.765765765765765
3528,quarterly,2025-Q4,,,2.3002219755826863,7.935627081021088
3530,quarterly,2025-Q4,,,1.7401452282157674,5.49792531120332
3532,quarterly,2025-Q4,,,1.58004158004158,2.4809424809424807
3533,quarterly,2025-Q4,,,70.27942421676545,20.462884561106407
3557,quarterly,2025-Q4,,,0.01,0.03399339933993399
3563,quarterly,2026-Q1,,,4.61,19.228689854027753
3583,quarterly,2025-Q4,,,13.8207136640557,18.328981723237597
3588,quarterly,2025-Q4,,,0.4900039200313603,1.7326538612308902
3592,quarterly,2025-Q4,,,18.243754731264193,12.036336109008328
3592,quarterly,2026-Q1,,,3.82,
3596,quarterly,2025-Q4,,,12.595419847328245,16.412213740458014
3605,quarterly,2025-Q4,,,4.040762073548959,8.32964111652636
3607,quarterly,2025-Q4,,,0.02,0.13986013986013987
3617,quarterly,2025-Q4,,,14.473684210526315,14.21052631578947
3622,quarterly,2025-Q4,,,6.0912052117263835,11.834961997828445
3645,quarterly,2025-Q4,,,1.5300712013331312,6.347523102560218
3652,quarterly,2025-Q4,,,1.3402747009304385,5.183872396987151
3653,quarterly,2025-Q4,,,35.95877529526818,23.10238471375912
3661,quarterly,2025-Q4,,,68.86823763690674,13.72386325921009
3665,quarterly,2025-Q4,,,46.177320912303244,19.30613556055252
3669,quarterly,2025-Q4,,,1.1299285525271237,3.175443238952104
3673,quarterly,2025-Q4,,,2.7103209019947965,2.8187337380745885
3679,quarterly,2026-Q1,,,2.67,11.394196744515215
3694,quarterly,2025-Q4,,,3.9692701664532652,16.77336747759283
3702,quarterly,2025-Q4,,,6.018790369935408,12.213740458015266
3703,quarterly,2025-Q4,,,1.8001760563380282,5.28169014084507
3704,quarterly,2026-Q1,,,0.29,3.9763391390075586
3705,quarterly,2025-Q4,,,3.3092659446450057,10.830324909747292
3706,quarterly,2025-Q4,,,5.15003061849357,9.98162890385793
3708,quarterly,2025-Q4,,,37.5,25.0
3711,quarterly,2025-Q4,,,9.290691441843846,11.720564588172234
3715,quarterly,2025-Q4,,,2.6400644901249493,6.932688432083838
3716,quarterly,2025-Q4,,,2.0504527813712805,3.945666235446313
3717,quarterly,2025-Q4,,,0.08,0.5163636363636364
4104,quarterly,2025-Q4,,,4.701195219123505,8.764940239043824
4106,quarterly,2025-Q4,,,1.1997828447339847,4.777415852334418
4119,quarterly,2025-Q4,,,0.9000573284922607,1.9873877317026563
4137,quarterly,2025-Q4,,,7.1284465366509755,11.163416274377942
4148,quarterly,2025-Q4,,,2.279924002533249,5.573147561747942
4155,quarterly,2025-Q4,,,0.5699481865284973,3.281519861830742
4164,quarterly,2025-Q4,,,0.9498553519768563,2.4429443908711024
4169,quarterly,2025-Q4,,,0.32,1.79
4306,quarterly,2025-Q4,,,0.25998418347172797,1.324634242783709
4414,quarterly,2025-Q4,,,0.6398996235884566,3.9523212045169385
4438,quarterly,2025-Q4,,,2.8395061728395063,3.753086419753086
4439,quarterly,2025-Q4,,,7.722616233254532,8.747044917257686
4440,quarterly,2025-Q4,,,1.1397295556986478,5.795235028976176
4441,quarterly,2025-Q4,,,13.62349610757254,13.375796178343949
4526,quarterly,2025-Q4,,,1.8202348690153567,9.575429087624212
4532,quarterly,2025-Q4,,,2.0901639344262293,9.744990892531876
4536,quarterly,2025-Q4,,,14.920948616600791,14.42687747035573
4545,quarterly,2025-Q4,,,0.17000388263353486,0.6877807976038606
4551,quarterly,2025-Q4,,,6.040695209834675,7.757524374735057
4552,quarterly,2025-Q4,,,2.0695020746887964,3.838174273858921
4555,quarterly,2025-Q4,,,0.2,0.4881516587677725
4560,quarterly,2025-Q4,,,3.021097046413502,10.29535864978903
4566,quarterly,2025-Q4,,,1.3599692662312715,3.0157510564732997
4569,quarterly,2025-Q4,,,4.159869494290375,4.544395245863435
4571,quarterly,2025-Q4,,,9.591346153846153,15.769230769230766
4572,quarterly,2025-Q4,,,3.0002006823198877,5.920128436684728
4576,quarterly,2025-Q4,,,2.0100288968213498,5.872853986061534
4581,quarterly,2025-Q4,,,4.728829686013321,13.035204567078972
4583,quarterly,2026-Q1,,,3.56,9.447176277752943
4585,quarterly,2025-Q4,,,1.2999847954994679,1.9765850691804774
4588,quarterly,2025-Q4,,,3.200419727177335,14.795383001049316
4590,quarterly,2025-Q4,,,2.7099625977558652,4.1822509350561035
4720,quarterly,2025-Q4,,,0.7400568181818181,5.198863636363636
4722,quarterly,2025-Q4,,,1.9699516705190165,6.293338936751418
4736,quarterly,2025-Q4,,,15.120481927710841,14.69879518072289
4739,quarterly,2025-Q4,,,1.5600544402858114,3.1983667914256544
4746,quarterly,2025-Q4,,,3.669064748201439,5.689993459777633
4755,quarterly,2025-Q4,,,3.7,7.075000000000001
4763,quarterly,2025-Q4,,,6.10407876230661,30.37974683544304
4764,quarterly,2025-Q4,,,1.219990585281657,4.464145614310372
4766,quarterly,2025-Q4,,,20.251396648044693,17.70949720670391
4770,quarterly,2025-Q4,,,10.201842913558579,9.916630100921456
4771,quarterly,2025-Q4,,,12.662116040955631,18.56655290102389
4904,quarterly,2025-Q4,,,3.81066030230708,14.916467780429594
4912,quarterly,2025-Q4,,,1.920094007050529,3.313748531139835
4915,quarterly,2025-Q4,,,5.578078078078078,12.837837837837837
4916,quarterly,2025-Q4,,,1.629944917376064,6.584877315973961
4919,quarterly,2026-Q1,,,0.02,
4930,quarterly,2025-Q4,,,0.6,1.4876033057851241
4935,quarterly,2025-Q4,,,1.3397887323943662,2.183098591549296
4938,quarterly,2025-Q4,,,5.3689064558629775,6.91699604743083
4942,quarterly,2025-Q4,,,3.058918482647296,4.761904761904763
4949,quarterly,2025-Q4,,,1.9000374391613628,7.731186821415201
4952,quarterly,2025-Q4,,,1.0300522648083623,5.313588850174216
4958,quarterly,2025-Q4,,,6.349560815840404,5.47863629596546
4961,quarterly,2025-Q4,,,9.642207398423288,6.670709520921772
4967,quarterly,2026-Q1,,,27.0,46.756756756756744
4968,quarterly,2026-Q1,,,0.58,9.735812133072406
4977,quarterly,2025-Q4,,,4.419889502762431,8.801676509811394
4994,quarterly,2025-Q4,,,1.9598607413475324,12.717591644480851
5007,quarterly,2025-Q4,,,3.0203442879499214,12.363067292644757
5203,quarterly,2026-Q1,,,1.34,6.045751633986929
5215,quarterly,2025-Q4,,,2.0401519262072707,3.689636462289745
5222,quarterly,2025-Q4,,,2.469911981318484,9.017424106340938
5225,quarterly,2026-Q1,,,1.54,23.214285714285715
5234,quarterly,2025-Q4,,,7.370141038871689,21.46542827657379
5243,quarterly,2025-Q4,,,4.400484457004441,9.002825999192572
5244,quarterly,2025-Q4,,,0.5100204008160326,1.956078243129725
5258,quarterly,2025-Q4,,,4.239130434782608,10.17391304347826
5269,quarterly,2025-Q4,,,72.5416442772703,14.991939817302526
5283,quarterly,2025-Q4,,,5.628356605800215,10.311493018259934
5284,quarterly,2025-Q4,,,11.688519347617525,16.725295810681164
5285,quarterly,2025-Q4,,,1.5298609217343877,5.263157894736842
5288,quarterly,2025-Q4,,,12.170818505338078,13.736654804270461
5288,quarterly,2026-Q1,,,3.59,
5292,quarterly,2025-Q4,,,9.930765902206836,21.765469493725657
5306,quarterly,2025-Q4,,,7.656546489563568,10.815939278937382
5388,quarterly,2025-Q4,,,4.010126582278481,7.544303797468355
5434,quarterly,2025-Q4,,,21.72650475184794,20.908130939809926
5469,quarterly,2025-Q4,,,6.019900497512438,8.031272210376688
5471,quarterly,2025-Q4,,,0.7199546485260772,3.4337544541626177
5515,quarterly,2025-Q4,,,4.478458049886621,17.233560090702944
5519,quarterly,2025-Q4,,,4.961890243902439,17.53048780487805
5521,quarterly,2025-Q4,,,0.52,4.533333333333334
5522,quarterly,2025-Q4,,,7.446120689655173,11.530172413793105
5525,quarterly,2025-Q4,,,1.4000000000000001,7.696969696969698
5533,quarterly,2025-Q4,,,0.5599525128611001,1.662049861495845
5534,quarterly,2025-Q4,,,6.0015467904099,8.352668213457077
5538,quarterly,2025-Q4,,,3.019230769230769,8.173076923076923
5607,quarterly,2025-Q4,,,2.7706635622817233,9.31315483119907
5706,quarterly,2025-Q4,,,3.3907284768211925,15.033112582781458
5871,quarterly,2025-Q4,,,10.638297872340425,10.823311748381128
5876,quarterly,2025-Q4,,,3.0597609561752983,7.250996015936254
5880,quarterly,2025-Q4,,,1.3598574821852731,7.660332541567697
5906,quarterly,2025-Q4,,,0.9800828239006114,5.896272924472492
6005,quarterly,2025-Q4,,,2.64,12.533333333333335
6024,quarterly,2025-Q4,,,5.3308480894687795,12.767940354147253
6112,quarterly,2025-Q4,,,1.8197474167623422,7.9601990049751254
6115,quarterly,2025-Q4,,,2.84988038277512,10.227272727272728
6117,quarterly,2025-Q4,,,3.740008413967186,15.607909129154397
6133,quarterly,2025-Q4,,,0.7199492546780843,5.264827148747225
6136,quarterly,2025-Q4,,,0.8899213724088634,3.252323087919943
6139,quarterly,2025-Q4,,,30.360281195079082,36.68717047451669
6155,quarterly,2025-Q4,,,0.7400030641948828,4.106021142944692
6164,quarterly,2025-Q4,,,0.07000161542189434,0.613860319853535
6165,quarterly,2025-Q4,,,4.130262112787927,19.777601270849882
6166,quarterly,2025-Q4,,,2.349775784753363,9.118086696562031
6168,quarterly,2025-Q4,,,0.049999999999999996,0.33996383363471966
6176,quarterly,2026-Q1,,,2.29,11.97440585009141
6177,quarterly,2025-Q4,,,3.808724832214765,16.359060402684563
6183,quarterly,2025-Q4,,,3.8997451146983857,20.68819031435854
6184,quarterly,2025-Q4,,,2.5297619047619047,7.846320346320347
6189,quarterly,2025-Q4,,,2.7295353982300887,11.615044247787612
6191,quarterly,2025-Q4,,,6.309148264984227,11.98738170347003
6191,quarterly,2026-Q1,,,1.59,
6192,quarterly,2025-Q4,,,10.057708161582852,12.860676009892828
6196,quarterly,2025-Q4,,,14.800158290463,20.142461416699646
6197,quarterly,2025-Q4,,,8.668565325738697,21.075115699537204
6197,quarterly,2026-Q1,,,3.21,
6201,quarterly,2026-Q1,,,0.64,11.22715404699739
6202,quarterly,2026-Q1,,,0.3,3.7729318103149883
6205,quarterly,2025-Q4,,,2.009823986901351,6.242325010233319
6206,quarterly,2025-Q4,,,6.901936289818862,19.050593379138036
6209,quarterly,2025-Q4,,,0.920048212133387,5.115843042721307
6213,quarterly,2026-Q1,,,0.87,7.042050691244239
6214,quarterly,2025-Q4,,,7.891414141414142,11.805555555555557
6215,quarterly,2025-Q4,,,2.0799713107405413,10.722610722610721
6216,quarterly,2026-Q1,,,-0.12,0.3542649003318115
6224,quarterly,2025-Q4,,,0.6700041718815186,2.594910304547351
6235,quarterly,2025-Q4,,,2.900403768506057,11.64199192462988
6239,quarterly,2025-Q4,,,7.490945011524531,9.845242015146527
6257,quarterly,2025-Q4,,,6.1697463200751645,13.560914500469778
6257,quarterly,2026-Q1,,,2.1,
6271,quarterly,2026-Q1,,,1.89,5.315110098709187
6272,quarterly,2025-Q4,,,3.0594900849858355,12.747875354107649
6277,quarterly,2025-Q4,,,3.080589254766031,7.625649913344888
6278,quarterly,2026-Q1,,,2.17,11.363636363636363
6281,quarterly,2025-Q4,,,3.70105421686747,12.725903614457831
6282,quarterly,2025-Q4,,,0.1799978313514295,0.6831242997072324
6285,quarterly,2025-Q4,,,6.329801684324911,8.937788644390112
6409,quarterly,2025-Q4,,,40.143369175627235,36.866359447004605
6412,quarterly,2026-Q1,,,1.01,14.384349827387801
6414,quarterly,2025-Q4,,,22.03065134099617,11.621966794380588
6415,quarterly,2025-Q4,,,6.390150959988275,6.639308222189652
6416,quarterly,2025-Q4,,,4.300492610837438,8.76847290640394
6438,quarterly,2025-Q4,,,5.169951442445016,7.912025135675521
6442,quarterly,2025-Q4,,,22.85080421519689,26.001109262340545
6446,quarterly,2025-Q4,,,13.589582020583912,15.773997059441294
6449,quarterly,2025-Q4,,,7.131011608623549,13.515754560530679
6451,quarterly,2025-Q4,,,0.2599995009606508,0.42268632881702733
6464,quarterly,2025-Q4,,,4.1992294991744625,6.6593285635663175
6472,quarterly,2025-Q4,,,23.44649021864212,19.390103567318757
6477,quarterly,2025-Q4,,,0.02,0.07738264580369844
6491,quarterly,2025-Q4,,,20.877061469265367,14.017991004497754
6505,quarterly,2025-Q4,,,1.0399849821663225,2.778299230336024
6515,quarterly,2025-Q4,,,46.41983287936845,25.959096994598585
6525,quarterly,2026-Q1,,,1.62,17.88040260509177
6526,quarterly,2025-Q4,,,17.32054635280442,14.995640802092419
6531,quarterly,2025-Q4,,,7.729828042328043,10.276124338624339
6534,quarterly,2025-Q4,,,4.509708737864077,17.28155339805825
6573,quarterly,2025-Q4,,,1.2298959318826868,15.988647114474928
6579,quarterly,2025-Q4,,,4.170485792850596,7.08829819737244
6581,quarterly,2025-Q4,,,6.171428571428572,15.314285714285717
6585,quarterly,2025-Q4,,,5.630810092961487,10.424966799468791
6585,quarterly,2026-Q1,,,1.86,
6591,quarterly,2025-Q4,,,5.101500441306266,9.355692850838482
6592,quarterly,2025-Q4,,,4.669201520912547,8.745247148288971
6605,quarterly,2025-Q4,,,13.969795037756203,11.650485436893204
6606,quarterly,2025-Q4,,,1.0898014440433212,7.400722021660649
6614,quarterly,2025-Q4,,,1.9004111466423024,9.502055733211511
6625,quarterly,2025-Q4,,,8.810096153846153,27.04326923076923
6641,quarterly,2025-Q4,,,0.4599594526102382,1.1403953370501774
6655,quarterly,2025-Q4,,,3.920454545454545,12.159090909090908
6658,quarterly,2025-Q4,,,1.36001386001386,3.7595287595287594
6666,quarterly,2025-Q4,,,2.420036210018105,6.759203379601692
6669,quarterly,2025-Q4,,,275.01445922498556,41.00636205899364
6670,quarterly,2025-Q4,,,22.38675958188153,20.03484320557491
6671,quarterly,2025-Q4,,,2.3692551505546753,8.161648177496039
6672,quarterly,2025-Q4,,,4.850417949846018,9.700835899692036
6689,quarterly,2025-Q4,,,2.3099510603588906,5.285481239804241
6691,quarterly,2025-Q4,,,24.74825716498838,39.310611928737416
6715,quarterly,2025-Q4,,,1.7999756760043784,3.4499533790083916
6719,quarterly,2026-Q1,,,2.1,5.291005291005291
6722,quarterly,2025-Q4,,,2.9001468428781205,10.352422907488986
6743,quarterly,2025-Q4,,,0.7100664533595865,3.91336450898351
6753,quarterly,2025-Q4,,,5.828963291649859,14.562323517547398
6754,quarterly,2025-Q4,,,3.410938654841094,9.68218773096822
6756,quarterly,2025-Q4,,,1.110035104708873,2.7115361336399952
6757,quarterly,2025-Q4,,,5.368196371398079,33.72465314834579
6768,quarterly,2025-Q4,,,6.759966072943173,8.99067005937235
6770,quarterly,2026-Q1,,,3.36,7.763578274760384
6771,quarterly,2025-Q4,,,3.6393713813068653,12.820512820512823
6776,quarterly,2025-Q4,,,3.7804076265614723,12.360289283366205
6776,quarterly,2026-Q1,,,1.14,
6781,quarterly,2025-Q4,,,38.19918144611187,19.40654843110505
6782,quarterly,2025-Q4,,,14.078282828282829,20.075757575757578
6789,quarterly,2025-Q4,,,4.0,6.913907284768212
6790,quarterly,2025-Q4,,,3.031107738998483,14.036418816388469
6792,quarterly,2025-Q4,,,2.2299651567944254,6.852497096399538
6796,quarterly,2025-Q4,,,0.19999999999999998,1.027027027027027
6799,quarterly,2026-Q1,,,1.14,9.916699722332407
6805,quarterly,2025-Q4,,,31.002331002331005,29.541569541569544
6807,quarterly,2025-Q4,,,4.691516709511568,9.768637532133676
6831,quarterly,2025-Q4,,,4.450149764655541,10.663243474540009
6834,quarterly,2025-Q4,,,0.5,3.0789133247089264
6835,quarterly,2025-Q4,,,0.9700722394220848,3.431372549019608
6854,quarterly,2026-Q1,,,-2.14,
6861,quarterly,2025-Q4,,,3.830177743431221,10.944744976816075
6862,quarterly,2025-Q4,,,8.28978622327791,13.871733966745841
6863,quarterly,2025-Q4,,,3.0,3.768115942028986
6873,quarterly,2025-Q4,,,3.529411764705882,4.830541488118426
6887,quarterly,2025-Q4,,,4.489559164733179,11.36890951276102
6890,quarterly,2025-Q4,,,13.01482701812191,13.426688632619438
6901,quarterly,2026-Q1,,,-0.42,
6902,quarterly,2025-Q4,,,1.5200949132433634,7.682040634732315
6906,quarterly,2025-Q4,,,1.8998167379352473,8.39951130116066
6908,quarterly,2026-Q1,,,0.41,5.099872503187419
6909,quarterly,2025-Q4,,,0.96,6.008163265306123
6914,quarterly,2025-Q4,,,9.600262123197902,17.234600262123198
6918,quarterly,2025-Q4,,,4.959568733153638,13.409703504043128
6919,quarterly,2026-Q1,,,-0.07,
6921,quarterly,2025-Q4,,,0.3400014928715384,3.758304097932373
6923,quarterly,2025-Q4,,,3.040396881644224,10.701630049610207
6924,quarterly,2025-Q4,,,5.74108818011257,20.57535959974984
6931,quarterly,2025-Q4,,,1.3901905654482976,8.02874101843174
6933,quarterly,2025-Q4,,,5.0307107341327875,9.300965194501316
6936,quarterly,2025-Q4,,,1.7702496179317373,9.526235354049925
6937,quarterly,2025-Q4,,,3.0100035727045373,5.886030725259022
6944,quarterly,2025-Q4,,,30.92277486910995,29.548429319371728
6951,quarterly,2026-Q1,,,1.49,25.571428571428573
6955,quarterly,2025-Q4,,,4.129606099110546,15.959339263024145
6957,quarterly,2025-Q4,,,10.230179028132993,21.22762148337596
6962,quarterly,2025-Q4,,,2.76953125,6.796874999999999
6965,quarterly,2025-Q4,,,3.4294871794871793,4.447115384615385
6994,quarterly,2025-Q4,,,6.2487852283770655,17.687074829931976
7610,quarterly,2025-Q4,,,4.9700027270248155,15.134987728388328
7631,quarterly,2025-Q4,,,6.280909990108803,15.03461918892186
7705,quarterly,2025-Q4,,,1.919431279620853,8.175355450236967
7711,quarterly,2026-Q1,,,7.68,16.898024559530164
7721,quarterly,2025-Q4,,,0.5200053886568773,2.222820961875253
7722,quarterly,2025-Q4,,,7.460487543530673,4.687918564157514
7730,quarterly,2025-Q4,,,1.6399882156535401,6.078758715506235
7732,quarterly,2025-Q4,,,1.7603550295857988,6.114398422090729
7736,quarterly,2025-Q4,,,4.948875255623721,10.29311520109066
7740,quarterly,2025-Q4,,,4.769475357710651,20.05829358770535
7749,quarterly,2025-Q4,,,11.130322022909011,13.810244218716228
7750,quarterly,2025-Q4,,,31.819806936002863,20.069121677988324
7760,quarterly,2025-Q4,,,0.5900202292650034,1.7700606877950105
7765,quarterly,2026-Q1,,,3.38,20.53838484546361
7769,quarterly,2025-Q4,,,68.71165644171779,21.300613496932517
7780,quarterly,2025-Q4,,,0.42,6.2444444444444445
7786,quarterly,2025-Q4,,,10.082458770614693,17.991004497751124
7788,quarterly,2025-Q4,,,3.380281690140845,4.547283702213279
7791,quarterly,2025-Q4,,,5.039001560062402,11.076443057722308
7795,quarterly,2025-Q4,,,3.109891010407277,13.8572482176514
7799,quarterly,2026-Q1,,,-0.37,
7821,quarterly,2025-Q4,,,2.990506329113924,15.063291139240503
7822,quarterly,2025-Q4,,,14.000595770032769,57.14427564293517
8011,quarterly,2025-Q4,,,1.2999999999999998,6.645161290322581
8016,quarterly,2025-Q4,,,14.748427672955975,14.276729559748427
8021,quarterly,2025-Q4,,,2.739946036232815,8.075292303738918
8028,quarterly,2025-Q4,,,4.319770568202187,14.823445061839038
8033,quarterly,2025-Q4,,,0.5699903767858464,4.619142793693093
8039,quarterly,2026-Q1,,,0.65,5.899403239556692
8045,quarterly,2025-Q4,,,0.6400204533833305,3.0253962843020283
8046,quarterly,2025-Q4,,,3.0099930561845243,4.2176131389065
8070,quarterly,2025-Q4,,,1.0199418363107604,4.009140008309099
8072,quarterly,2025-Q4,,,1.1098130841121496,3.855140186915888
8081,quarterly,2025-Q4,,,17.768871075484302,18.704074816299265
8103,quarterly,2025-Q4,,,4.4096472282217425,8.92728581713463
8110,quarterly,2025-Q4,,,2.450445986124876,10.257680872150644
8112,quarterly,2025-Q4,,,4.851258581235697,14.016018306636155
8114,quarterly,2025-Q4,,,18.491735537190085,19.31818181818182
8131,quarterly,2025-Q4,,,1.3598738667717776,4.907370910524241
8150,quarterly,2025-Q4,,,0.7100042211903757,2.0683832840861123
8162,quarterly,2025-Q4,,,1.570048309178744,7.27657004830918
8163,quarterly,2025-Q4,,,0.5099571933742788,1.3958682300390843
8210,quarterly,2025-Q4,,,28.40143691064212,32.68971710821733
8213,quarterly,2025-Q4,,,2.2705018359853124,3.79436964504284
8215,quarterly,2026-Q1,,,-0.64,
8222,quarterly,2025-Q4,,,0.5499854693403081,4.184829991281604
8249,quarterly,2025-Q4,,,3.180964308077645,5.635566687539135
8261,quarterly,2026-Q1,,,1.57,11.350844277673545
8271,quarterly,2026-Q1,,,14.54,41.6445623342175
8341,quarterly,2026-Q1,,,1.51,11.954459203036052
8367,quarterly,2025-Q4,,,3.7989323843416374,10.142348754448397
8367,quarterly,2026-Q1,,,0.67,
8374,quarterly,2026-Q1,,,0.43,
8404,quarterly,2025-Q4,,,1.4297800338409474,8.375634517766498
8422,quarterly,2025-Q4,,,1.2799097065462754,17.246049661399546
8429,quarterly,2025-Q4,,,0.12000739644970415,0.3513313609467456
8438,quarterly,2025-Q4,,,2.0999776835527784,7.654541397009597
8442,quarterly,2025-Q4,,,4.089417555373257,7.629204265791632
8454,quarterly,2025-Q4,,,11.293375394321767,30.851735015772867
8462,quarterly,2025-Q4,,,8.39954597048808,28.20658342792281
8463,quarterly,2025-Q4,,,1.8495428096425603,11.221945137157107
8464,quarterly,2025-Q4,,,22.531066056245912,21.97514715500327
8467,quarterly,2025-Q4,,,10.193133047210301,17.739628040057227
8473,quarterly,2025-Q4,,,2.5507246376811596,6.739130434782608
8476,quarterly,2025-Q4,,,0.5299539170506913,4.731182795698925
8478,quarterly,2025-Q4,,,13.249211356466878,13.722397476340694
8481,quarterly,2025-Q4,,,3.2511923688394275,12.400635930047695
8482,quarterly,2025-Q4,,,2.3096804511278193,7.894736842105263
8487,quarterly,2025-Q4,,,4.030720338983051,15.942796610169493
8499,quarterly,2025-Q4,,,10.148902821316614,5.094043887147335
8926,quarterly,2025-Q4,,,2.4497681607418853,11.334363730036065
8940,quarterly,2025-Q4,,,0.5500770416024653,4.869029275808936
8996,quarterly,2025-Q4,,,9.019934813916471,19.881755476388992
9802,quarterly,2025-Q4,,,6.0418222554144885,8.812546676624345
9904,quarterly,2025-Q4,,,4.102564102564103,8.653846153846155
9905,quarterly,2025-Q4,,,1.3001215066828673,4.860267314702308
9906,quarterly,2025-Q4,,,0.08999928000575995,0.6047951616387068
9907,quarterly,2025-Q4,,,1.360123647604328,10.046367851622877
9907,quarterly,2026-Q1,,,0.17,
9908,quarterly,2025-Q4,,,1.720023282887078,6.111757857974389
9910,quarterly,2025-Q4,,,5.099337748344371,19.49963208241354
9911,quarterly,2025-Q4,,,6.239638281838734,19.819140919366994
9914,quarterly,2025-Q4,,,4.011026878015162,6.202618883528601
9917,quarterly,2025-Q4,,,6.768953068592057,22.021660649819495
9918,quarterly,2025-Q4,,,1.6100443131462336,8.641063515509602
9921,quarterly,2025-Q4,,,1.8401486988847584,2.1242697822623477
9924,quarterly,2025-Q4,,,3.538961038961039,7.548701298701298
9925,quarterly,2025-Q4,,,2.3705882352941177,6.999999999999999
9926,quarterly,2025-Q4,,,2.6804123711340204,11.394465545306566
9927,quarterly,2025-Q4,,,5.437898089171974,11.624203821656051
9930,quarterly,2025-Q4,,,4.96090973702914,18.692253020611226
9931,quarterly,2025-Q4,,,2.450842696629213,8.918539325842696
9933,quarterly,2025-Q4,,,1.8902123252200933,8.33764888658726
9935,quarterly,2025-Q4,,,1.649954421148587,10.938924339106652
9937,quarterly,2025-Q4,,,2.360066833751044,12.531328320802004
9938,quarterly,2025-Q4,,,4.100361663652802,9.132007233273054
9939,quarterly,2025-Q4,,,9.10204081632653,13.387755102040813
9940,quarterly,2025-Q4,,,0.2799829883753898,1.6019279841224834
9941,quarterly,2025-Q4,,,6.888080072793449,11.464968152866243
9942,quarterly,2025-Q4,,,8.161865569272976,15.843621399176952
9943,quarterly,2025-Q4,,,3.6493506493506493,11.623376623376624
9945,quarterly,2025-Q4,,,3.7783171521035603,10.517799352750808
9946,quarterly,2025-Q4,,,1.5194174757281553,7.281553398058252
9955,quarterly,2025-Q4,,,0.5399745037333818,4.571116372245492
9958,quarterly,2025-Q4,,,6.682027649769585,14.87820934825543
